movieId,title,author,date,views,likes,link
67f4fdfebda6e4a3b703e061,Climate action needs new frontline leadership,Ozawa Bineshi Albert,December 2021,404000,12000,https://ted.com/talks/ozawa_bineshi_albert_climate_action_needs_new_frontline_leadership
67f4fdfebda6e4a3b703e062,The dark history of the overthrow of Hawaii,Sydney Iaukea,February 2022,214000,6400,https://ted.com/talks/sydney_iaukea_the_dark_history_of_the_overthrow_of_hawaii
67f4fdfebda6e4a3b703e063,How play can spark new ideas for your business,Martin Reeves,September 2021,412000,12000,https://ted.com/talks/martin_reeves_how_play_can_spark_new_ideas_for_your_business
67f4fdfebda6e4a3b703e064,Why is China appointing judges to combat climate change?,James K. Thornton,October 2021,427000,12000,https://ted.com/talks/james_k_thornton_why_is_china_appointing_judges_to_combat_climate_change
67f4fdfebda6e4a3b703e065,Cement's carbon problem — and 2 ways to fix it,Mahendra Singhi,October 2021,2400,72,https://ted.com/talks/mahendra_singhi_cement_s_carbon_problem_and_2_ways_to_fix_it
67f4fdfebda6e4a3b703e066,The tragedy of air pollution — and an urgent demand for clean air,Rosamund Adoo-Kissi-Debrah,October 2021,422000,12000,https://ted.com/talks/rosamund_adoo_kissi_debrah_the_tragedy_of_air_pollution_and_an_urgent_demand_for_clean_air
67f4fdfebda6e4a3b703e067,The myth of Narcissus and Echo,Iseult Gillespie,February 2022,412000,12000,https://ted.com/talks/iseult_gillespie_the_myth_of_narcissus_and_echo
67f4fdfebda6e4a3b703e068,You deserve the right to repair your stuff,Gay Gordon-Byrne,August 2021,455000,13000,https://ted.com/talks/gay_gordon_byrne_you_deserve_the_right_to_repair_your_stuff
67f4fdfebda6e4a3b703e069,What nature can teach us about sustainable business,Erin Meezan,February 2022,66000,1900,https://ted.com/talks/erin_meezan_what_nature_can_teach_us_about_sustainable_business
67f4fdfebda6e4a3b703e06a,The origins of blackface and Black stereotypes,Dwan Reece,March 2019,584000,17000,https://ted.com/talks/dwan_reece_the_origins_of_blackface_and_black_stereotypes
67f4fdfebda6e4a3b703e06b,A sex therapist's secret to rediscovering your spark,Ian Kerner,August 2021,87000,2600,https://ted.com/talks/ian_kerner_a_sex_therapist_s_secret_to_rediscovering_your_spark
67f4fdfebda6e4a3b703e06c,How do jetpacks work? And why don't we all have them?,Richard Browning,February 2022,213000,6400,https://ted.com/talks/richard_browning_how_do_jetpacks_work_and_why_don_t_we_all_have_them
67f4fdfebda6e4a3b703e06d,What regret can teach you about living a good life,Daniel H. Pink,January 2022,622000,18000,https://ted.com/talks/daniel_h_pink_what_regret_can_teach_you_about_living_a_good_life
67f4fdfebda6e4a3b703e06e,"How to fix the ""bugs"" in the net-zero code",Lucas Joppa,October 2021,526000,15000,https://ted.com/talks/lucas_joppa_how_to_fix_the_bugs_in_the_net_zero_code
67f4fdfebda6e4a3b703e06f,"""Big Yellow Taxi"" / ""Song for Sunshine""", Belle and Sebastian,October 2021,23000,690,https://ted.com/talks/belle_and_sebastian_big_yellow_taxi_song_for_sunshine
67f4fdfebda6e4a3b703e070,How film captures the space between hope and despair,Mounia Akl,December 2021,628000,18000,https://ted.com/talks/mounia_akl_how_film_captures_the_space_between_hope_and_despair
67f4fdfebda6e4a3b703e071,"What is ""normal"" and what is ""different""?",Yana Buhrer Tavanier,February 2022,459000,13000,https://ted.com/talks/yana_buhrer_tavanier_what_is_normal_and_what_is_different
67f4fdfebda6e4a3b703e072,The ocean's ingenious climate solutions,Susan Ruffo,October 2021,522000,15000,https://ted.com/talks/susan_ruffo_the_ocean_s_ingenious_climate_solutions
67f4fdfebda6e4a3b703e073,How we're reducing the climate impact of electronics,Tim Dunn,February 2022,96000,2900,https://ted.com/talks/tim_dunn_how_we_re_reducing_the_climate_impact_of_electronics
67f4fdfebda6e4a3b703e074,A vibrant dance performance of funk classics, Let It Happen,October 2021,4500,135,https://ted.com/talks/let_it_happen_a_vibrant_dance_performance_of_funk_classics
67f4fdfebda6e4a3b703e075,"""Dive In""",Dave Matthews,October 2021,1600,49,https://ted.com/talks/dave_matthews_dive_in
67f4fdfebda6e4a3b703e076,Got millet? How marketing could improve the lives of African farmers,Zoë Karl-Waithaka,September 2021,667000,20000,https://ted.com/talks/zoe_karl_waithaka_got_millet_how_marketing_could_improve_the_lives_of_african_farmers
67f4fdfebda6e4a3b703e077,The myth of Gawain and the Green Knight,Dan Kwartler,February 2022,456000,13000,https://ted.com/talks/dan_kwartler_the_myth_of_gawain_and_the_green_knight
67f4fdfebda6e4a3b703e078,How wind energy could power Earth ... 18 times over,Dan Jørgensen,October 2021,632000,18000,https://ted.com/talks/dan_jorgensen_how_wind_energy_could_power_earth_18_times_over
67f4fdfebda6e4a3b703e079,The incredible cancer-detecting potential of photoacoustic imaging,Lei Li,August 2021,97000,2900,https://ted.com/talks/lei_li_the_incredible_cancer_detecting_potential_of_photoacoustic_imaging
67f4fdfebda6e4a3b703e07a,How to fix two of the most broken systems in the US,Nick Turner and Whitney Pennington Rodgers,November 2021,609000,18000,https://ted.com/talks/nick_turner_and_whitney_pennington_rodgers_how_to_fix_two_of_the_most_broken_systems_in_the_us
67f4fdfebda6e4a3b703e07b,Can you outsmart the fallacy that divided a nation?,Elizabeth Cox,February 2022,363000,10000,https://ted.com/talks/elizabeth_cox_can_you_outsmart_the_fallacy_that_divided_a_nation
67f4fdfebda6e4a3b703e07c,Sex education should start with consent, Kaz,December 2021,649000,19000,https://ted.com/talks/kaz_sex_education_should_start_with_consent
67f4fdfebda6e4a3b703e07d,Smart solutions to decarbonize buildings,Katie McGinty,January 2022,134000,4000,https://ted.com/talks/katie_mcginty_smart_solutions_to_decarbonize_buildings
67f4fdfebda6e4a3b703e07e,How to provide cooling for everyone — without warming the planet,Rachel Kyte,October 2021,613000,18000,https://ted.com/talks/rachel_kyte_how_to_provide_cooling_for_everyone_without_warming_the_planet
67f4fdfebda6e4a3b703e07f,The mind-bending art of deep time,Katie Paterson,December 2021,817000,24000,https://ted.com/talks/katie_paterson_the_mind_bending_art_of_deep_time
67f4fdfebda6e4a3b703e080,"The myth of Anansi, the trickster spider",Emily Zobel Marshall,January 2022,411000,12000,https://ted.com/talks/emily_zobel_marshall_the_myth_of_anansi_the_trickster_spider
67f4fdfebda6e4a3b703e081, A different understanding of American patriotism,Deval Patrick,July 2021,700000,21000,https://ted.com/talks/deval_patrick_a_different_understanding_of_american_patriotism
67f4fdfebda6e4a3b703e082,4 ways to redefine power at work to include women of color,Rha Goddess and Deepa Purushothaman,December 2021,678000,20000,https://ted.com/talks/rha_goddess_and_deepa_purushothaman_4_ways_to_redefine_power_at_work_to_include_women_of_color
67f4fdfebda6e4a3b703e083,How to boost nature-based solutions to climate change,Zac Goldsmith,October 2021,30000,913,https://ted.com/talks/zac_goldsmith_how_to_boost_nature_based_solutions_to_climate_change
67f4fdfebda6e4a3b703e084,Which animal has the best eyesight?,Thomas W. Cronin,January 2022,743000,22000,https://ted.com/talks/thomas_w_cronin_which_animal_has_the_best_eyesight
67f4fdfebda6e4a3b703e085,The new reality of fashion is digital,Gala Marija Vrbanic,December 2021,669000,20000,https://ted.com/talks/gala_marija_vrbanic_the_new_reality_of_fashion_is_digital
67f4fdfebda6e4a3b703e086,Are brain waves the secret to treating Alzheimer's?,Li-Huei Tsai,August 2021,766000,23000,https://ted.com/talks/li_huei_tsai_are_brain_waves_the_secret_to_treating_alzheimer_s
67f4fdfebda6e4a3b703e087,What if women built the world they want to see?,Emily Pilloton-Lam,December 2021,789000,23000,https://ted.com/talks/emily_pilloton_lam_what_if_women_built_the_world_they_want_to_see
67f4fdfebda6e4a3b703e088,How to fix broken supply chains,Dustin Burke,September 2021,800000,24000,https://ted.com/talks/dustin_burke_how_to_fix_broken_supply_chains
67f4fdfebda6e4a3b703e089,Can you solve the birthday cake riddle?,Marie Brodsky,January 2022,601000,18000,https://ted.com/talks/marie_brodsky_can_you_solve_the_birthday_cake_riddle
67f4fdfebda6e4a3b703e08a,What you need to know about carbon removal,Gabrielle Walker,October 2021,732000,21000,https://ted.com/talks/gabrielle_walker_what_you_need_to_know_about_carbon_removal
67f4fdfebda6e4a3b703e08b,How radical hospitality can change the lives of the formerly incarcerated,Reuben Jonathan Miller,November 2021,751000,22000,https://ted.com/talks/reuben_jonathan_miller_how_radical_hospitality_can_change_the_lives_of_the_formerly_incarcerated
67f4fdfebda6e4a3b703e08c,The tragic myth of the Sun God's son,Iseult Gillespie,January 2022,998000,29000,https://ted.com/talks/iseult_gillespie_the_tragic_myth_of_the_sun_god_s_son
67f4fdfebda6e4a3b703e08d,"The unexpected, underwater plant fighting climate change",Carlos M. Duarte,August 2021,786000,23000,https://ted.com/talks/carlos_m_duarte_the_unexpected_underwater_plant_fighting_climate_change
67f4fdfebda6e4a3b703e08e,How to break down barriers and not accept limits,Candace Parker,December 2021,1000000,32000,https://ted.com/talks/candace_parker_how_to_break_down_barriers_and_not_accept_limits
67f4fdfebda6e4a3b703e08f,"""A Ride With Polly Jean"" / ""Ali Farka Touche""",Jenny Scheinman with Nels Cline and Todd Sickafoose,August 2021,20000,606,https://ted.com/talks/jenny_scheinman_with_nels_cline_and_todd_sickafoose_a_ride_with_polly_jean_ali_farka_touche
67f4fdfebda6e4a3b703e090,Why do cats have vertical pupils?,Emma Bryce,January 2022,2300000,70000,https://ted.com/talks/emma_bryce_why_do_cats_have_vertical_pupils
67f4fdfebda6e4a3b703e091,Why great leaders take humor seriously,Jennifer Aaker and Naomi Bagdonas,August 2021,1000000,32000,https://ted.com/talks/jennifer_aaker_and_naomi_bagdonas_why_great_leaders_take_humor_seriously
67f4fdfebda6e4a3b703e092,One company at a time,American Family Insurance,January 2022,10000,312,https://ted.com/talks/american_family_insurance_one_company_at_a_time
67f4fdfebda6e4a3b703e093,How comic strips create better health care,Sam Hester,June 2021,880000,26000,https://ted.com/talks/sam_hester_how_comic_strips_create_better_health_care
67f4fdfebda6e4a3b703e094,Why is it so hard to escape poverty?,Ann-Helén Bay,January 2022,1500000,47000,https://ted.com/talks/ann_helen_bay_why_is_it_so_hard_to_escape_poverty
67f4fdfebda6e4a3b703e095,"""You and I"" / ""Attention""",Charlie Puth,October 2021,19000,580,https://ted.com/talks/charlie_puth_you_and_i_attention
67f4fdfebda6e4a3b703e096,How to realistically decarbonize the oil and gas industry,Bjørn Otto Sverdrup,October 2021,825000,24000,https://ted.com/talks/bjorn_otto_sverdrup_how_to_realistically_decarbonize_the_oil_and_gas_industry
67f4fdfebda6e4a3b703e097,"I'm tired of people telling me to ""grind""",Pardis Parker,August 2021,90000,2700,https://ted.com/talks/pardis_parker_i_m_tired_of_people_telling_me_to_grind
67f4fdfebda6e4a3b703e098,How biochar removes CO2 from the air — and helps farmers thrive,Axel Reinaud,September 2021,888000,26000,https://ted.com/talks/axel_reinaud_how_biochar_removes_co2_from_the_air_and_helps_farmers_thrive
67f4fdfebda6e4a3b703e099,"The creativity, innovation and ingenuity languishing in US prisons",Brittany K. Barnett,November 2021,839000,25000,https://ted.com/talks/brittany_k_barnett_the_creativity_innovation_and_ingenuity_languishing_in_us_prisons
67f4fdfebda6e4a3b703e09a,The architectural mastermind behind modern Singapore,Liu Thai Ker,March 2021,951000,28000,https://ted.com/talks/liu_thai_ker_the_architectural_mastermind_behind_modern_singapore
67f4fdfebda6e4a3b703e09b,The myth of Loki's monstrous children,Iseult Gillespie,January 2022,761000,22000,https://ted.com/talks/iseult_gillespie_the_myth_of_loki_s_monstrous_children
67f4fdfebda6e4a3b703e09c,"What makes a job ""good"" — and the case for investing in people",Warren Valdmanis,September 2021,992000,29000,https://ted.com/talks/warren_valdmanis_what_makes_a_job_good_and_the_case_for_investing_in_people
67f4fdfebda6e4a3b703e09d,Language shouldn't be a barrier to climate action,Sophia Kianni,October 2021,861000,25000,https://ted.com/talks/sophia_kianni_language_shouldn_t_be_a_barrier_to_climate_action
67f4fdfebda6e4a3b703e09e,Human-centered justice,American Family Insurance,January 2022,11000,342,https://ted.com/talks/american_family_insurance_human_centered_justice
67f4fdfebda6e4a3b703e09f,Why is the Mona Lisa so famous?,Noah Charney,January 2022,1100000,33000,https://ted.com/talks/noah_charney_why_is_the_mona_lisa_so_famous
67f4fdfebda6e4a3b703e0a0,How moms shape the world,Anna Malaika Tubbs,December 2021,864000,25000,https://ted.com/talks/anna_malaika_tubbs_how_moms_shape_the_world
67f4fdfebda6e4a3b703e0a1,Why a free and fair internet is more vital than ever,Priscilla Chomba-Kinywa,April 2021,1100000,33000,https://ted.com/talks/priscilla_chomba_kinywa_why_a_free_and_fair_internet_is_more_vital_than_ever
67f4fdfebda6e4a3b703e0a2,It's time to write a new climate story, Countdown,October 2021,11000,332,https://ted.com/talks/countdown_it_s_time_to_write_a_new_climate_story
67f4fdfebda6e4a3b703e0a3,"Blood, concrete, and dynamite: Building the Hoover Dam",Alex Gendler,December 2021,724000,21000,https://ted.com/talks/alex_gendler_blood_concrete_and_dynamite_building_the_hoover_dam
67f4fdfebda6e4a3b703e0a4,4 ways the COVID-19 pandemic changed the way we sleep,Matt Walker,December 2021,295000,8800,https://ted.com/talks/matt_walker_4_ways_the_covid_19_pandemic_changed_the_way_we_sleep
67f4fdfebda6e4a3b703e0a5,You can only save one— who do you choose?,Doug MacKay,December 2021,1300000,40000,https://ted.com/talks/doug_mackay_you_can_only_save_one_who_do_you_choose
67f4fdfebda6e4a3b703e0a6,How to escape the cynicism trap,Jamil Zaki,August 2021,1100000,33000,https://ted.com/talks/jamil_zaki_how_to_escape_the_cynicism_trap
67f4fdfebda6e4a3b703e0a7,"Use your voice, vote and wallet for climate action",Halla Tómasdóttir,December 2021,969000,29000,https://ted.com/talks/halla_tomasdottir_use_your_voice_vote_and_wallet_for_climate_action
67f4fdfebda6e4a3b703e0a8,A king cobra bite — and a scientific discovery,Gowri Shankar,May 2021,1000000,30000,https://ted.com/talks/gowri_shankar_a_king_cobra_bite_and_a_scientific_discovery
67f4fdfebda6e4a3b703e0a9,How we could better predict and stop floods,Virginia Smith,March 2021,986000,29000,https://ted.com/talks/virginia_smith_how_we_could_better_predict_and_stop_floods
67f4fdfebda6e4a3b703e0aa,Dreams and details for a decarbonized future,Jim Hagemann Snabe,October 2021,837000,25000,https://ted.com/talks/jim_hagemann_snabe_dreams_and_details_for_a_decarbonized_future
67f4fdfebda6e4a3b703e0ab,The dark history of Mount Rushmore,Ned Blackhawk and Jeffrey D. Means,December 2021,527000,15000,https://ted.com/talks/ned_blackhawk_and_jeffrey_d_means_the_dark_history_of_mount_rushmore
67f4fdfebda6e4a3b703e0ac,"Siri, Alexa, Google ... what comes next?",Karen Lellouche Tordjman,September 2021,1000000,32000,https://ted.com/talks/karen_lellouche_tordjman_siri_alexa_google_what_comes_next
67f4fdfebda6e4a3b703e0ad,A new way to help young people with their mental health,Tom Osborn,August 2021,1000000,32000,https://ted.com/talks/tom_osborn_a_new_way_to_help_young_people_with_their_mental_health
67f4fdfebda6e4a3b703e0ae,How to deal with your insomnia — and finally get to sleep,Matt Walker,December 2021,311000,9300,https://ted.com/talks/matt_walker_how_to_deal_with_your_insomnia_and_finally_get_to_sleep
67f4fdfebda6e4a3b703e0af,Would you raise the bird that murdered your children?,Steve Rothstein,December 2021,1200000,37000,https://ted.com/talks/steve_rothstein_would_you_raise_the_bird_that_murdered_your_children
67f4fdfebda6e4a3b703e0b0,A vision of sustainable housing for all of humanity,Vishaan Chakrabarti,October 2021,1000000,30000,https://ted.com/talks/vishaan_chakrabarti_a_vision_of_sustainable_housing_for_all_of_humanity
67f4fdfebda6e4a3b703e0b1,"""Your Song"" / ""Real Life""", Joan As Police Woman,August 2021,3800,115,https://ted.com/talks/joan_as_police_woman_your_song_real_life
67f4fdfebda6e4a3b703e0b2,3 ways to prepare society for the next pandemic,Jennifer B. Nuzzo,December 2021,1100000,33000,https://ted.com/talks/jennifer_b_nuzzo_3_ways_to_prepare_society_for_the_next_pandemic
67f4fdfebda6e4a3b703e0b3,The need for family reunification — to make families whole again,Elizabeth Zion,December 2021,1000000,31000,https://ted.com/talks/elizabeth_zion_the_need_for_family_reunification_to_make_families_whole_again
67f4fdfebda6e4a3b703e0b4,Education is a fundamental right for every child,Makhtoum Abdalla,December 2021,1000000,32000,https://ted.com/talks/makhtoum_abdalla_education_is_a_fundamental_right_for_every_child
67f4fdfebda6e4a3b703e0b5,The life-changing power of assistive technologies,Jane Velkovski,December 2021,1000000,31000,https://ted.com/talks/jane_velkovski_the_life_changing_power_of_assistive_technologies
67f4fdfebda6e4a3b703e0b6,How to protect your mental well-being online — from a Gen-Zer,Peachy Liv,December 2021,981000,29000,https://ted.com/talks/peachy_liv_how_to_protect_your_mental_well_being_online_from_a_gen_zer
67f4fdfebda6e4a3b703e0b7,A next-generation solution to climate crisis,Nkosilathi Nyathi,December 2021,200000,6000,https://ted.com/talks/nkosilathi_nyathi_a_next_generation_solution_to_climate_crisis
67f4fdfebda6e4a3b703e0b8,"""Astral Plane""",Valerie June,October 2021,2500,76,https://ted.com/talks/valerie_june_astral_plane
67f4fdfebda6e4a3b703e0b9,5 keys to shifting to a well-being economy — and the cost of inaction,Sandrine Dixson-Declève,October 2021,4900,147,https://ted.com/talks/sandrine_dixson_decleve_5_keys_to_shifting_to_a_well_being_economy_and_the_cost_of_inaction
67f4fdfebda6e4a3b703e0ba,3 ways to lower the barriers to higher education,Adrian K. Haugabrook,August 2021,1100000,34000,https://ted.com/talks/adrian_k_haugabrook_3_ways_to_lower_the_barriers_to_higher_education
67f4fdfebda6e4a3b703e0bb,How one of the most profitable companies in history rose to power,Adam Clulow,December 2021,635000,19000,https://ted.com/talks/adam_clulow_how_one_of_the_most_profitable_companies_in_history_rose_to_power
67f4fdfebda6e4a3b703e0bc,How going to Mars improves life on Earth,Eric Hinterman,May 2021,1000000,32000,https://ted.com/talks/eric_hinterman_how_going_to_mars_improves_life_on_earth
67f4fdfebda6e4a3b703e0bd,Africans should lead on health care solutions for Africa,Francisca Mutapi,December 2021,4000,120,https://ted.com/talks/francisca_mutapi_africans_should_lead_on_health_care_solutions_for_africa
67f4fdfebda6e4a3b703e0be,The end of Roe v. Wade — and what comes next for reproductive freedom,Kathryn Kolbert,December 2021,1000000,32000,https://ted.com/talks/kathryn_kolbert_the_end_of_roe_v_wade_and_what_comes_next_for_reproductive_freedom
67f4fdfebda6e4a3b703e0bf,4 steps to hiring fairly — and supporting criminal justice reform,Nyra Jordan,November 2021,1100000,33000,https://ted.com/talks/nyra_jordan_4_steps_to_hiring_fairly_and_supporting_criminal_justice_reform
67f4fdfebda6e4a3b703e0c0,How sleep affects what (and how much) you eat,Matt Walker,December 2021,315000,9400,https://ted.com/talks/matt_walker_how_sleep_affects_what_and_how_much_you_eat
67f4fdfebda6e4a3b703e0c1,"Yes, scientists are actually building an elevator to space",Fabio Pacucci,December 2021,714000,21000,https://ted.com/talks/fabio_pacucci_yes_scientists_are_actually_building_an_elevator_to_space
67f4fdfebda6e4a3b703e0c2,How to end the pandemic — and prepare for the next,Maria Van Kerkhove,December 2021,1200000,36000,https://ted.com/talks/maria_van_kerkhove_how_to_end_the_pandemic_and_prepare_for_the_next
67f4fdfebda6e4a3b703e0c3,3 questions to build resilience — and change the world,Sister True Dedication,October 2021,1200000,38000,https://ted.com/talks/sister_true_dedication_3_questions_to_build_resilience_and_change_the_world
67f4fdfebda6e4a3b703e0c4,Community investment is the missing piece of climate action,Dawn Lippert,October 2021,1000000,32000,https://ted.com/talks/dawn_lippert_community_investment_is_the_missing_piece_of_climate_action
67f4fdfebda6e4a3b703e0c5,The dream of educating Afghan girls lives on,Shabana Basij-Rasikh,December 2021,1400000,44000,https://ted.com/talks/shabana_basij_rasikh_the_dream_of_educating_afghan_girls_lives_on
67f4fdfebda6e4a3b703e0c6,How gratitude rewires your brain,Christina Costa,March 2021,1400000,44000,https://ted.com/talks/christina_costa_how_gratitude_rewires_your_brain
67f4fdfebda6e4a3b703e0c7,Can stereotypes ever be good?,Sheila Marie Orfano and Densho,December 2021,475000,14000,https://ted.com/talks/sheila_marie_orfano_and_densho_can_stereotypes_ever_be_good
67f4fdfebda6e4a3b703e0c8,The value of kindness at work,James Rhee,September 2021,1300000,41000,https://ted.com/talks/james_rhee_the_value_of_kindness_at_work
67f4fdfebda6e4a3b703e0c9,What is melatonin — and should you take it to fall asleep?,Matt Walker,December 2021,422000,12000,https://ted.com/talks/matt_walker_what_is_melatonin_and_should_you_take_it_to_fall_asleep
67f4fdfebda6e4a3b703e0ca,The life cycle of a pair of jeans,Madhavi Venkatesan,November 2021,315000,9400,https://ted.com/talks/madhavi_venkatesan_the_life_cycle_of_a_pair_of_jeans
67f4fdfebda6e4a3b703e0cb,Is it really that bad to marry my cousin?,Mona Chalabi,November 2021,277000,8300,https://ted.com/talks/mona_chalabi_is_it_really_that_bad_to_marry_my_cousin
67f4fdfebda6e4a3b703e0cc,It's impossible to have healthy people on a sick planet,Shweta Narayan,October 2021,1200000,36000,https://ted.com/talks/shweta_narayan_it_s_impossible_to_have_healthy_people_on_a_sick_planet
67f4fdfebda6e4a3b703e0cd,The surprising health benefits of dreaming,Matt Walker,November 2021,357000,10000,https://ted.com/talks/matt_walker_the_surprising_health_benefits_of_dreaming
67f4fdfebda6e4a3b703e0ce,"Dear world leaders, these are our climate demands","Xiye Bastida, Shiv Soin and Latif Nasser",October 2021,260000,7800,https://ted.com/talks/xiye_bastida_shiv_soin_and_latif_nasser_dear_world_leaders_these_are_our_climate_demands
67f4fdfebda6e4a3b703e0cf,The science of extreme weather — and how to reduce the harm,"Al Roker, Al Gore, David Biello and Latif Nasser",October 2021,331000,9900,https://ted.com/talks/al_roker_al_gore_david_biello_and_latif_nasser_the_science_of_extreme_weather_and_how_to_reduce_the_harm
67f4fdfebda6e4a3b703e0d0,The wild sex lives of marine creatures,Luka Seamus Wright,November 2021,543000,16000,https://ted.com/talks/luka_seamus_wright_the_wild_sex_lives_of_marine_creatures
67f4fdfebda6e4a3b703e0d1,The forest is our teacher. It's time to respect it,Nemonte Nenquimo,October 2021,1000000,32000,https://ted.com/talks/nemonte_nenquimo_the_forest_is_our_teacher_it_s_time_to_respect_it
67f4fdfebda6e4a3b703e0d2,How accurate is the weather forecast?,Mona Chalabi,November 2021,237000,7100,https://ted.com/talks/mona_chalabi_how_accurate_is_the_weather_forecast
67f4fdfebda6e4a3b703e0d3,An action plan for solving the climate crisis,John Doerr and Ryan Panchadsaram,October 2021,1200000,36000,https://ted.com/talks/john_doerr_and_ryan_panchadsaram_an_action_plan_for_solving_the_climate_crisis
67f4fdfebda6e4a3b703e0d4,The science of preserving sight,Joshua Chu-Tan,August 2019,1200000,36000,https://ted.com/talks/joshua_chu_tan_the_science_of_preserving_sight
67f4fdfebda6e4a3b703e0d5,Can you solve the human cannonball riddle? ,Alex Rosenthal,November 2021,441000,13000,https://ted.com/talks/alex_rosenthal_can_you_solve_the_human_cannonball_riddle
67f4fdfebda6e4a3b703e0d6,Can climate change ever be funny? 17 comedians try to answer,Rainn Wilson,October 2021,7100,214,https://ted.com/talks/rainn_wilson_can_climate_change_ever_be_funny_17_comedians_try_to_answer
67f4fdfebda6e4a3b703e0d7,Your self-driving robotaxi is almost here,Aicha Evans,August 2021,1300000,40000,https://ted.com/talks/aicha_evans_your_self_driving_robotaxi_is_almost_here
67f4fdfebda6e4a3b703e0d8,Nature's fortress: How cacti keep water in and predators out,Lucas C. Majure,November 2021,463000,13000,https://ted.com/talks/lucas_c_majure_nature_s_fortress_how_cacti_keep_water_in_and_predators_out
67f4fdfebda6e4a3b703e0d9,A program to empower Black teachers in the US,Larry Irvin,September 2021,1200000,37000,https://ted.com/talks/larry_irvin_a_program_to_empower_black_teachers_in_the_us
67f4fdfebda6e4a3b703e0da,An ever-evolving map of everything on Earth,Jack Dangermond,October 2021,1200000,36000,https://ted.com/talks/jack_dangermond_an_ever_evolving_map_of_everything_on_earth
67f4fdfebda6e4a3b703e0db,Are naps actually good for us?,Matt Walker,November 2021,485000,14000,https://ted.com/talks/matt_walker_are_naps_actually_good_for_us
67f4fdfebda6e4a3b703e0dc,"""I Can See Clearly Now""","Tyrone Davis, Jr.",August 2021,6200,186,https://ted.com/talks/tyrone_davis_jr_i_can_see_clearly_now
67f4fdfebda6e4a3b703e0dd,"""Back on My Feet""", Kimberose,September 2021,3000,91,https://ted.com/talks/kimberose_back_on_my_feet
67f4fdfebda6e4a3b703e0de,How to make a sad story funny,Jodie Houlston-Lau,November 2021,340000,10000,https://ted.com/talks/jodie_houlston_lau_how_to_make_a_sad_story_funny
67f4fdfebda6e4a3b703e0df,The crucial intersection of climate and capital,Nili Gilbert,October 2021,1200000,37000,https://ted.com/talks/nili_gilbert_the_crucial_intersection_of_climate_and_capital
67f4fdfebda6e4a3b703e0e0,Which box do I check?,Mona Chalabi,November 2021,227000,6800,https://ted.com/talks/mona_chalabi_which_box_do_i_check
67f4fdfebda6e4a3b703e0e1,3 steps to getting what you want in a negotiation,Ruchi Sinha,November 2021,1900000,57000,https://ted.com/talks/ruchi_sinha_3_steps_to_getting_what_you_want_in_a_negotiation
67f4fdfebda6e4a3b703e0e2,Tracking the whole world's carbon emissions — with satellites and AI,Gavin McCormick,October 2021,1300000,39000,https://ted.com/talks/gavin_mccormick_tracking_the_whole_world_s_carbon_emissions_with_satellites_and_ai
67f4fdfebda6e4a3b703e0e3,The rise of predatory scams — and how to prevent them,Jane Walsh,June 2021,1300000,39000,https://ted.com/talks/jane_walsh_the_rise_of_predatory_scams_and_how_to_prevent_them
67f4fdfebda6e4a3b703e0e4,The twins who tricked the Maya gods of death,Ilan Stavans,November 2021,860000,25000,https://ted.com/talks/ilan_stavans_the_twins_who_tricked_the_maya_gods_of_death
67f4fdfebda6e4a3b703e0e5,"""Being Human""",Naima Penniman,October 2021,1200000,36000,https://ted.com/talks/naima_penniman_being_human
67f4fdfebda6e4a3b703e0e6,Leave only footprints that will wash away,Children of Palau,October 2021,205000,6100,https://ted.com/talks/children_of_palau_leave_only_footprints_that_will_wash_away
67f4fdfebda6e4a3b703e0e7,The many reasons to eat a plant-based diet,Derek Sarno,October 2021,1000000,32000,https://ted.com/talks/derek_sarno_the_many_reasons_to_eat_a_plant_based_diet
67f4fdfebda6e4a3b703e0e8,The powerful women on the front lines of climate action,Farwiza Farhan,October 2021,1000000,32000,https://ted.com/talks/farwiza_farhan_the_powerful_women_on_the_front_lines_of_climate_action
67f4fdfebda6e4a3b703e0e9,A bold plan to protect 30 percent of the Earth's surface and ocean floor,Enric Sala,October 2021,1000000,30000,https://ted.com/talks/enric_sala_a_bold_plan_to_protect_30_percent_of_the_earth_s_surface_and_ocean_floor
67f4fdfebda6e4a3b703e0ea,A vision for sustainable energy in Africa,Chibeze Ezekiel,October 2021,221000,6600,https://ted.com/talks/chibeze_ezekiel_a_vision_for_sustainable_energy_in_africa
67f4fdfebda6e4a3b703e0eb,"How your brain invents your ""self""",Anil Seth,October 2021,1500000,47000,https://ted.com/talks/anil_seth_how_your_brain_invents_your_self
67f4fdfebda6e4a3b703e0ec,Why better sleep means a better sex life,Matt Walker,November 2021,463000,13000,https://ted.com/talks/matt_walker_why_better_sleep_means_a_better_sex_life
67f4fdfebda6e4a3b703e0ed,Why do some people snore so loudly?,Alayna Vaughan,November 2021,406000,12000,https://ted.com/talks/alayna_vaughan_why_do_some_people_snore_so_loudly
67f4fdfebda6e4a3b703e0ee,How small countries can make a big impact on climate change,Nicola Sturgeon,October 2021,1200000,38000,https://ted.com/talks/nicola_sturgeon_how_small_countries_can_make_a_big_impact_on_climate_change
67f4fdfebda6e4a3b703e0ef,How did we get fertility so wrong?,Mona Chalabi,November 2021,276000,8200,https://ted.com/talks/mona_chalabi_how_did_we_get_fertility_so_wrong
67f4fdfebda6e4a3b703e0f0,"Super speed, magnetic levitation and the vision behind the hyperloop",Josh Giegel,August 2021,1300000,39000,https://ted.com/talks/josh_giegel_super_speed_magnetic_levitation_and_the_vision_behind_the_hyperloop
67f4fdfebda6e4a3b703e0f1,What working parents really need from workplaces,Angela Garbes,November 2021,1200000,36000,https://ted.com/talks/angela_garbes_what_working_parents_really_need_from_workplaces
67f4fdfebda6e4a3b703e0f2,The creative power of your intuition,Bozoma Saint John,August 2021,1400000,42000,https://ted.com/talks/bozoma_saint_john_the_creative_power_of_your_intuition
67f4fdfebda6e4a3b703e0f3,Are locust plagues unstoppable?,Jeffrey A. Lockwood,November 2021,475000,14000,https://ted.com/talks/jeffrey_a_lockwood_are_locust_plagues_unstoppable
67f4fdfebda6e4a3b703e0f4,A tailored history of who wears what — and why,Richard Thompson Ford,September 2021,1300000,39000,https://ted.com/talks/richard_thompson_ford_a_tailored_history_of_who_wears_what_and_why
67f4fdfebda6e4a3b703e0f5,The problem of vaccine spoilage — and a smart sensor to help,Nithya Ramanathan,August 2021,1400000,42000,https://ted.com/talks/nithya_ramanathan_the_problem_of_vaccine_spoilage_and_a_smart_sensor_to_help
67f4fdfebda6e4a3b703e0f6,"How daylight saving time affects our bodies, minds — and world",Matt Walker,November 2021,368000,11000,https://ted.com/talks/matt_walker_how_daylight_saving_time_affects_our_bodies_minds_and_world
67f4fdfebda6e4a3b703e0f7,How to make radical climate action the new normal,Al Gore,October 2021,1500000,47000,https://ted.com/talks/al_gore_how_to_make_radical_climate_action_the_new_normal
67f4fdfebda6e4a3b703e0f8,"How to get better at video games, according to babies",Brian Christian,November 2021,486000,14000,https://ted.com/talks/brian_christian_how_to_get_better_at_video_games_according_to_babies
67f4fdfebda6e4a3b703e0f9,What we miss when we focus on the average,Mona Chalabi,November 2021,355000,10000,https://ted.com/talks/mona_chalabi_what_we_miss_when_we_focus_on_the_average
67f4fdfebda6e4a3b703e0fa,3 rules to help you build a successful business,Julissa Prado,November 2021,1400000,42000,https://ted.com/talks/julissa_prado_3_rules_to_help_you_build_a_successful_business
67f4fdfebda6e4a3b703e0fb,What is COP26?,Countdown,October 2021,256000,7700,https://ted.com/talks/countdown_what_is_cop26
67f4fdfebda6e4a3b703e0fc,Countdown Global Livestream 2021,TED,October 2021,6100000,183000,https://ted.com/talks/ted_countdown_global_livestream_2021
67f4fdfebda6e4a3b703e0fd,The 55 gigaton challenge,Countdown,October 2021,269000,8000,https://ted.com/talks/countdown_the_55_gigaton_challenge
67f4fdfebda6e4a3b703e0fe,The haunting truth of ghost stories,Coya Paz Brownrigg,May 2021,1100000,33000,https://ted.com/talks/coya_paz_brownrigg_the_haunting_truth_of_ghost_stories
67f4fdfebda6e4a3b703e0ff,A new perspective on the journey to net-zero,Amina J. Mohammed,October 2021,1300000,41000,https://ted.com/talks/amina_j_mohammed_a_new_perspective_on_the_journey_to_net_zero
67f4fdfebda6e4a3b703e100,The fastest way to slow climate change now,Ilissa Ocko,October 2021,1500000,46000,https://ted.com/talks/ilissa_ocko_the_fastest_way_to_slow_climate_change_now
67f4fdfebda6e4a3b703e101,AI isn't as smart as you think — but it could be,Jeff Dean,August 2021,1400000,42000,https://ted.com/talks/jeff_dean_ai_isn_t_as_smart_as_you_think_but_it_could_be
67f4fdfebda6e4a3b703e102,"The Norse myth that inspired ""The Lord of the Rings""",Iseult Gillespie,October 2021,1500000,45000,https://ted.com/talks/iseult_gillespie_the_norse_myth_that_inspired_the_lord_of_the_rings
67f4fdfebda6e4a3b703e103,How to turn around a city,Irma L. Olguin Jr.,August 2021,1200000,38000,https://ted.com/talks/irma_l_olguin_jr_how_to_turn_around_a_city
67f4fdfebda6e4a3b703e104,Stuck in the gig economy? Try platform co-ops instead,Trebor Scholz,August 2021,1300000,41000,https://ted.com/talks/trebor_scholz_stuck_in_the_gig_economy_try_platform_co_ops_instead
67f4fdfebda6e4a3b703e105,"""The [Uncertain] Four Seasons""",AKQA and Jung von Matt,October 2021,5300,161,https://ted.com/talks/akqa_and_jung_von_matt_the_uncertain_four_seasons
67f4fdfebda6e4a3b703e106,The surprisingly long history of electric cars,Daniel Sperling and Gil Tal,October 2021,367000,11000,https://ted.com/talks/daniel_sperling_and_gil_tal_the_surprisingly_long_history_of_electric_cars
67f4fdfebda6e4a3b703e107,Can China achieve its ambitious climate pledges?,Hongqiao Liu,October 2021,1300000,39000,https://ted.com/talks/hongqiao_liu_can_china_achieve_its_ambitious_climate_pledges
67f4fdfebda6e4a3b703e108,Do 9 out of 10 dentists really recommend that toothpaste?,Mona Chalabi,October 2021,154000,4600,https://ted.com/talks/mona_chalabi_do_9_out_of_10_dentists_really_recommend_that_toothpaste
67f4fdfebda6e4a3b703e109,What to expect from COP26,Countdown Summit,October 2021,28000,854,https://ted.com/talks/countdown_summit_what_to_expect_from_cop26
67f4fdfebda6e4a3b703e10a,Visions for the future,Kai-Fu Lee and Chen Qiufan,September 2021,1100000,33000,https://ted.com/talks/kai_fu_lee_and_chen_qiufan_visions_for_the_future
67f4fdfebda6e4a3b703e10b,How to reduce bias in your workplace,Kim Scott and Trier Bryant,October 2021,1100000,34000,https://ted.com/talks/kim_scott_and_trier_bryant_how_to_reduce_bias_in_your_workplace
67f4fdfebda6e4a3b703e10c,3 tips for leaders to get the future of work right ,Debbie Lovich,September 2021,1400000,43000,https://ted.com/talks/debbie_lovich_3_tips_for_leaders_to_get_the_future_of_work_right
67f4fdfebda6e4a3b703e10d,How your nature photos can help protect wild animals,Tanya Berger-Wolf,March 2016,1200000,36000,https://ted.com/talks/tanya_berger_wolf_how_your_nature_photos_can_help_protect_wild_animals
67f4fdfebda6e4a3b703e10e,"Why is this 2,500 year old shipwreck so well-preserved?",Helen Farr and Jon Adams,October 2021,414000,12000,https://ted.com/talks/helen_farr_and_jon_adams_why_is_this_2_500_year_old_shipwreck_so_well_preserved
67f4fdfebda6e4a3b703e10f,A close-to-home solution for accessible childcare,Chris Bennett,August 2021,1400000,43000,https://ted.com/talks/chris_bennett_a_close_to_home_solution_for_accessible_childcare
67f4fdfebda6e4a3b703e110,What makes a friendship last? ,Mona Chalabi,October 2021,286000,8500,https://ted.com/talks/mona_chalabi_what_makes_a_friendship_last
67f4fdfebda6e4a3b703e111,How much clean electricity do we really need?,Solomon Goldstein-Rose,October 2021,1400000,42000,https://ted.com/talks/solomon_goldstein_rose_how_much_clean_electricity_do_we_really_need
67f4fdfebda6e4a3b703e112,Can you solve the risky disk riddle?,James Tanton,October 2021,578000,17000,https://ted.com/talks/james_tanton_can_you_solve_the_risky_disk_riddle
67f4fdfebda6e4a3b703e113,How we could eat real meat without harming animals,Isha Datar,August 2021,1700000,51000,https://ted.com/talks/isha_datar_how_we_could_eat_real_meat_without_harming_animals
67f4fdfebda6e4a3b703e114,How long does it take to get over a breakup?,Mona Chalabi,October 2021,310000,9300,https://ted.com/talks/mona_chalabi_how_long_does_it_take_to_get_over_a_breakup
67f4fdfebda6e4a3b703e115,The small business hustle,The Hartford,October 2021,132000,3900,https://ted.com/talks/the_hartford_the_small_business_hustle
67f4fdfebda6e4a3b703e116,Why don't we cover the desert with solar panels?,Dan Kwartler,October 2021,2800000,86000,https://ted.com/talks/dan_kwartler_why_don_t_we_cover_the_desert_with_solar_panels
67f4fdfebda6e4a3b703e117,Why paternity leave benefits everyone,Shu Matsuo Post,October 2021,1100000,34000,https://ted.com/talks/shu_matsuo_post_why_paternity_leave_benefits_everyone
67f4fdfebda6e4a3b703e118,Introducing: Am I Normal? with Mona Chalabi,TED Audio Collective,October 2021,1000000,32000,https://ted.com/talks/ted_audio_collective_introducing_am_i_normal_with_mona_chalabi
67f4fdfebda6e4a3b703e119,The bad math of the fossil fuel industry,Tzeporah Berman,October 2021,1500000,46000,https://ted.com/talks/tzeporah_berman_the_bad_math_of_the_fossil_fuel_industry
67f4fdfebda6e4a3b703e11a,Decarbonizing fossil fuels,Countdown Summit,October 2021,62000,1800,https://ted.com/talks/countdown_summit_decarbonizing_fossil_fuels
67f4fdfebda6e4a3b703e11b,Can love and independence coexist?,Tanya Boucicaut,October 2021,310000,9300,https://ted.com/talks/tanya_boucicaut_can_love_and_independence_coexist
67f4fdfebda6e4a3b703e11c,Why skin disease is often misdiagnosed in darker skin tones,Jenna C. Lester,August 2021,1300000,39000,https://ted.com/talks/jenna_c_lester_why_skin_disease_is_often_misdiagnosed_in_darker_skin_tones
67f4fdfebda6e4a3b703e11d,What you discover when you really listen,Hrishikesh Hirway,August 2021,1700000,51000,https://ted.com/talks/hrishikesh_hirway_what_you_discover_when_you_really_listen
67f4fdfebda6e4a3b703e11e,The billion-dollar campaign to electrify transport,Monica Araya,October 2021,1300000,41000,https://ted.com/talks/monica_araya_the_billion_dollar_campaign_to_electrify_transport
67f4fdfebda6e4a3b703e11f,A roadmap for young changemakers,Melati Wijsen,October 2021,1500000,45000,https://ted.com/talks/melati_wijsen_a_roadmap_for_young_changemakers
67f4fdfebda6e4a3b703e120,¿Por qué nos cuesta mirarnos al espejo? | Andrea Vilallonga | TEDxTarragona,Andrea Vilallonga,May 2017,1600000,50000,https://ted.com/talks/andrea_vilallonga_desarrollar_nuestro_capital_erotico
67f4fdfebda6e4a3b703e121,Where will you be able to live in 20 years?,Carol Farbotko and Ingrid Boas,October 2021,498000,14000,https://ted.com/talks/carol_farbotko_and_ingrid_boas_where_will_you_be_able_to_live_in_20_years
67f4fdfebda6e4a3b703e122,Relief to recovery,monday.com,October 2021,6000,181,https://ted.com/talks/monday_com_relief_to_recovery
67f4fdfebda6e4a3b703e123,5 tips for dealing with meeting overload,Cindy Solomon,October 2021,1500000,46000,https://ted.com/talks/cindy_solomon_5_tips_for_dealing_with_meeting_overload
67f4fdfebda6e4a3b703e124,How humanity doubled life expectancy in a century,Steven Johnson,August 2021,1800000,55000,https://ted.com/talks/steven_johnson_how_humanity_doubled_life_expectancy_in_a_century
67f4fdfebda6e4a3b703e125,What happened to the lost Kingdom of Kush?,Geoff Emberling,October 2021,732000,21000,https://ted.com/talks/geoff_emberling_what_happened_to_the_lost_kingdom_of_kush
67f4fdfebda6e4a3b703e126,A more accurate way to calculate emissions,Charlotte Degot,September 2021,1400000,43000,https://ted.com/talks/charlotte_degot_a_more_accurate_way_to_calculate_emissions
67f4fdfebda6e4a3b703e127,The brain science of obesity,Mads Tang-Christensen,September 2021,1700000,52000,https://ted.com/talks/mads_tang_christensen_the_brain_science_of_obesity
67f4fdfebda6e4a3b703e128,The genes you don't get from your parents (but can't live without),Devin Shuman,October 2021,1500000,47000,https://ted.com/talks/devin_shuman_the_genes_you_don_t_get_from_your_parents_but_can_t_live_without
67f4fdfebda6e4a3b703e129,How NFTs are building the internet of the future,Kayvon Tehranian,August 2021,1700000,52000,https://ted.com/talks/kayvon_tehranian_how_nfts_are_building_the_internet_of_the_future
67f4fdfebda6e4a3b703e12a,Want to truly succeed? Lift others up while you climb,Amber Hikes,October 2021,1700000,52000,https://ted.com/talks/amber_hikes_want_to_truly_succeed_lift_others_up_while_you_climb
67f4fdfebda6e4a3b703e12b,3 ways community creates a healthy life,Olivia Affuso,September 2021,1400000,44000,https://ted.com/talks/olivia_affuso_3_ways_community_creates_a_healthy_life
67f4fdfebda6e4a3b703e12c,Ancient Greece's greatest popstar,Diane J. Rayor,September 2021,298000,8900,https://ted.com/talks/diane_j_rayor_ancient_greece_s_greatest_popstar
67f4fdfebda6e4a3b703e12d,The Black history of twerking — and how it taught me self-love, Lizzo,August 2021,1700000,52000,https://ted.com/talks/lizzo_the_black_history_of_twerking_and_how_it_taught_me_self_love
67f4fdfebda6e4a3b703e12e,Why the passport needs an upgrade,Karoli Hindriks,August 2021,1500000,46000,https://ted.com/talks/karoli_hindriks_why_the_passport_needs_an_upgrade
67f4fdfebda6e4a3b703e12f,How employers steal from workers — and get away with it,Rebecca Galemba,March 2021,1500000,47000,https://ted.com/talks/rebecca_galemba_how_employers_steal_from_workers_and_get_away_with_it_jan_2021
67f4fdfebda6e4a3b703e130,The forgotten queen of Egypt,Abdallah Ewis,September 2021,842000,25000,https://ted.com/talks/abdallah_ewis_the_forgotten_queen_of_egypt
67f4fdfebda6e4a3b703e131,3 rules for better work-life balance,Ashley Whillans,September 2021,2600000,79000,https://ted.com/talks/ashley_whillans_3_rules_for_better_work_life_balance
67f4fdfebda6e4a3b703e132,Could you recover from illness ... using your own stem cells?,Nabiha Saklayen,August 2021,1800000,55000,https://ted.com/talks/nabiha_saklayen_could_you_recover_from_illness_using_your_own_stem_cells
67f4fdfebda6e4a3b703e133,Can you solve the rogue submarine riddle? Difficulty level: Master,Alex Rosenthal,September 2021,735000,22000,https://ted.com/talks/alex_rosenthal_can_you_solve_the_rogue_submarine_riddle_difficulty_level_master
67f4fdfebda6e4a3b703e134,The art of paying attention,Wendy MacNaughton,August 2021,2000000,62000,https://ted.com/talks/wendy_macnaughton_the_art_of_paying_attention
67f4fdfebda6e4a3b703e135,The intended consequences of helping nature thrive,Ryan Phelan,August 2021,1500000,47000,https://ted.com/talks/ryan_phelan_the_intended_consequences_of_helping_nature_thrive
67f4fdfebda6e4a3b703e136,The secrets of the world's most famous symphony,Hanako Sawada,September 2021,1100000,34000,https://ted.com/talks/hanako_sawada_the_secrets_of_the_world_s_most_famous_symphony
67f4fdfebda6e4a3b703e137,The link between inequality and anxiety,Richard Wilkinson,September 2021,1600000,49000,https://ted.com/talks/richard_wilkinson_the_link_between_inequality_and_anxiety
67f4fdfebda6e4a3b703e138,Planet City — a sci-fi vision of an astonishing regenerative future,Liam Young,August 2021,1600000,50000,https://ted.com/talks/liam_young_planet_city_a_sci_fi_vision_of_an_astonishing_regenerative_future
67f4fdfebda6e4a3b703e139,The untapped energy source that could power the planet,Jamie C. Beard,August 2021,1800000,56000,https://ted.com/talks/jamie_c_beard_the_untapped_energy_source_that_could_power_the_planet
67f4fdfebda6e4a3b703e13a,You could have a secret twin (but not the way you think),Kayla Mandel Sheets,September 2021,2100000,63000,https://ted.com/talks/kayla_mandel_sheets_you_could_have_a_secret_twin_but_not_the_way_you_think
67f4fdfebda6e4a3b703e13b,An NFL quarterback on overcoming setbacks and self-doubt,Alex Smith,August 2021,2000000,60000,https://ted.com/talks/alex_smith_an_nfl_quarterback_on_overcoming_setbacks_and_self_doubt
67f4fdfebda6e4a3b703e13c,The trans story includes you,Nicole Maines,April 2016,1600000,48000,https://ted.com/talks/nicole_maines_the_trans_story_includes_you
67f4fdfebda6e4a3b703e13d,The inaccurate link between body ideals and health,Nancy N. Chen,September 2021,1700000,53000,https://ted.com/talks/nancy_n_chen_the_inaccurate_link_between_body_ideals_and_health
67f4fdfebda6e4a3b703e13e,"Earth's mysterious red glow, explained",Zoe Pierrat,September 2021,583000,17000,https://ted.com/talks/zoe_pierrat_earth_s_mysterious_red_glow_explained
67f4fdfebda6e4a3b703e13f,A smart bra for better heart health,Alicia Chong Rodriguez,August 2021,1500000,47000,https://ted.com/talks/alicia_chong_rodriguez_a_smart_bra_for_better_heart_health
67f4fdfebda6e4a3b703e140,Life-altering questions about the end of the universe,Katie Mack,July 2021,1800000,55000,https://ted.com/talks/katie_mack_life_altering_questions_about_the_end_of_the_universe
67f4fdfebda6e4a3b703e141,What makes a language... a language?,Martin Hilpert,September 2021,655000,19000,https://ted.com/talks/martin_hilpert_what_makes_a_language_a_language
67f4fdfebda6e4a3b703e142,The big myth of government deficits,Stephanie Kelton,August 2021,1700000,53000,https://ted.com/talks/stephanie_kelton_the_big_myth_of_government_deficits
67f4fdfebda6e4a3b703e143,A sci-fi vision of life in 2041,Chen Qiufan,July 2021,1800000,54000,https://ted.com/talks/chen_qiufan_a_sci_fi_vision_of_life_in_2041
67f4fdfebda6e4a3b703e144,The rise and fall of the Lakota Empire ,Pekka Hämäläinen,September 2021,474000,14000,https://ted.com/talks/pekka_hamalainen_the_rise_and_fall_of_the_lakota_empire
67f4fdfebda6e4a3b703e145,How to stop languishing and start finding flow,Adam Grant,August 2021,2600000,80000,https://ted.com/talks/adam_grant_how_to_stop_languishing_and_start_finding_flow
67f4fdfebda6e4a3b703e146,A new way to restore Earth's biodiversity — from the air,Susan Graham,August 2021,480000,14000,https://ted.com/talks/susan_graham_a_new_way_to_restore_earth_s_biodiversity_from_the_air
67f4fdfebda6e4a3b703e147,"What is MSG, and is it actually bad for you?",Sarah E. Tracy,September 2021,2100000,64000,https://ted.com/talks/sarah_e_tracy_what_is_msg_and_is_it_actually_bad_for_you
67f4fdfebda6e4a3b703e148,The state of the climate crisis in 2021,Climate Action Tracker,August 2021,422000,12000,https://ted.com/talks/climate_action_tracker_the_state_of_the_climate_crisis_in_2021
67f4fdfebda6e4a3b703e149,A taste of Mexico's ancient chocolate-making tradition,Germán Santillán,August 2021,1600000,48000,https://ted.com/talks/german_santillan_a_taste_of_mexico_s_ancient_chocolate_making_tradition
67f4fdfebda6e4a3b703e14a,The infamous overpopulation bet: Simon vs. Ehrlich,Soraya Field Fiorio,August 2021,518000,15000,https://ted.com/talks/soraya_field_fiorio_the_infamous_overpopulation_bet_simon_vs_ehrlich
67f4fdfebda6e4a3b703e14b,How music can help you find peace after loss,Steven Sharp Nelson,September 2020,1500000,47000,https://ted.com/talks/steven_sharp_nelson_how_music_can_help_you_find_peace_after_loss
67f4fdfebda6e4a3b703e14c,A future with fewer cars,Freeman H. Shen,August 2021,1600000,48000,https://ted.com/talks/freeman_h_shen_a_future_with_fewer_cars
67f4fdfebda6e4a3b703e14d,Is this the most successful animal ever?,Nigel Hughes,August 2021,458000,13000,https://ted.com/talks/nigel_hughes_is_this_the_most_successful_animal_ever
67f4fdfebda6e4a3b703e14e,How we can detect pretty much anything,Hélène Morlon and Anna Papadopoulou,August 2021,313000,9400,https://ted.com/talks/helene_morlon_and_anna_papadopoulou_how_we_can_detect_pretty_much_anything
67f4fdfebda6e4a3b703e14f,Can you outsmart the slippery slope fallacy?,Elizabeth Cox,August 2021,649000,19000,https://ted.com/talks/elizabeth_cox_can_you_outsmart_the_slippery_slope_fallacy
67f4fdfebda6e4a3b703e150,How the COVID-19 vaccines were created so quickly,Kaitlyn Sadtler and Elizabeth Wayne,August 2021,1300000,41000,https://ted.com/talks/kaitlyn_sadtler_and_elizabeth_wayne_how_the_covid_19_vaccines_were_created_so_quickly
67f4fdfebda6e4a3b703e151,The secret society of the Great Dismal Swamp,Dan Sayers,August 2021,273000,8200,https://ted.com/talks/dan_sayers_the_secret_society_of_the_great_dismal_swamp
67f4fdfebda6e4a3b703e152,"Walk with Little Amal, a theatrical journey celebrating the refugee experience",Amir Nizar Zuabi,August 2021,1600000,50000,https://ted.com/talks/amir_nizar_zuabi_walk_with_little_amal_a_theatrical_journey_celebrating_the_refugee_experience
67f4fdfebda6e4a3b703e153,How COVID-19 reshaped US cities,Kevin J. Krizek,March 2021,1500000,46000,https://ted.com/talks/kevin_j_krizek_how_covid_19_reshaped_us_cities
67f4fdfebda6e4a3b703e154,Can you solve the giant spider riddle?,Dan Finkel,August 2021,2200000,67000,https://ted.com/talks/dan_finkel_can_you_solve_the_giant_spider_riddle
67f4fdfebda6e4a3b703e155,An interactive map to track (and end) pollution in China,Ma Jun,August 2021,1800000,56000,https://ted.com/talks/ma_jun_an_interactive_map_to_track_and_end_pollution_in_china
67f4fdfebda6e4a3b703e156,Why are stolen African artifacts still in Western museums?,Jim Chuchu,July 2021,1600000,48000,https://ted.com/talks/jim_chuchu_why_are_stolen_african_artifacts_still_in_western_museums
67f4fdfebda6e4a3b703e157,The fingerprints of life beyond Earth,Clara Sousa-Silva,July 2021,1800000,55000,https://ted.com/talks/clara_sousa_silva_the_fingerprints_of_life_beyond_earth
67f4fdfebda6e4a3b703e158,"The method that can ""prove"" almost anything",James A. Smith,August 2021,776000,23000,https://ted.com/talks/james_a_smith_the_method_that_can_prove_almost_anything
67f4fdfebda6e4a3b703e159,The tiny balls of fat that could revolutionize medicine,Kathryn A. Whitehead,August 2021,1800000,55000,https://ted.com/talks/kathryn_a_whitehead_the_tiny_balls_of_fat_that_could_revolutionize_medicine
67f4fdfebda6e4a3b703e15a,Don't call people out — call them in,Loretta J. Ross,August 2021,1800000,55000,https://ted.com/talks/loretta_j_ross_don_t_call_people_out_call_them_in
67f4fdfebda6e4a3b703e15b,"What causes seizures, and how can we treat them?",Christopher E. Gaw,August 2021,482000,14000,https://ted.com/talks/christopher_e_gaw_what_causes_seizures_and_how_can_we_treat_them
67f4fdfebda6e4a3b703e15c,Meet the scientist couple driving an mRNA vaccine revolution,Uğur Şahin and Özlem Türeci,August 2021,2100000,63000,https://ted.com/talks/ugur_sahin_and_ozlem_tureci_meet_the_scientist_couple_driving_an_mrna_vaccine_revolution
67f4fdfebda6e4a3b703e15d,Remembering climate change ... a message from the year 2071,Kim Stanley Robinson,July 2021,1600000,50000,https://ted.com/talks/kim_stanley_robinson_remembering_climate_change_a_message_from_the_year_2071
67f4fdfebda6e4a3b703e15e,The informal settlements reshaping the world ,Jota Samper,September 2020,1600000,49000,https://ted.com/talks/jota_samper_the_informal_settlements_reshaping_the_world
67f4fdfebda6e4a3b703e15f,Iceland's superpowered underground volcanoes,Jean-Baptiste P. Koehl,July 2021,425000,12000,https://ted.com/talks/jean_baptiste_p_koehl_iceland_s_superpowered_underground_volcanoes
67f4fdfebda6e4a3b703e160,"The radical, revolutionary resilience of Black joy",Miracle Jones,April 2021,1500000,46000,https://ted.com/talks/miracle_jones_the_radical_revolutionary_resilience_of_black_joy
67f4fdfebda6e4a3b703e161,A year in the life of one of Earth's weirdest animals,Gilad Bino,July 2021,732000,21000,https://ted.com/talks/gilad_bino_a_year_in_the_life_of_one_of_earth_s_weirdest_animals
67f4fdfebda6e4a3b703e162,3 rules for a zero-carbon world,Nigel Topping,July 2021,1600000,49000,https://ted.com/talks/nigel_topping_3_rules_for_a_zero_carbon_world
67f4fdfebda6e4a3b703e163,The ancient origins of the Olympics,Armand D'Angour,September 2015,3600000,110000,https://ted.com/talks/armand_d_angour_the_ancient_origins_of_the_olympics
67f4fdfebda6e4a3b703e164,The rise and fall of the Kingdom of Man,Andrew McDonald,July 2021,920000,27000,https://ted.com/talks/andrew_mcdonald_the_rise_and_fall_of_the_kingdom_of_man
67f4fdfebda6e4a3b703e165,"Are wild animals really ""wild""?",Emma Marris,June 2021,1400000,43000,https://ted.com/talks/emma_marris_are_wild_animals_really_wild
67f4fdfebda6e4a3b703e166,How every child can thrive by five,Molly Wright,July 2021,5900000,177000,https://ted.com/talks/molly_wright_how_every_child_can_thrive_by_five
67f4fdfebda6e4a3b703e167,The paradox at the heart of mathematics: Gödel's Incompleteness Theorem,Marcus du Sautoy,July 2021,2000000,61000,https://ted.com/talks/marcus_du_sautoy_the_paradox_at_the_heart_of_mathematics_godel_s_incompleteness_theorem
67f4fdfebda6e4a3b703e168,The (de)colonizing of beauty,Sasha Sarago,November 2020,1600000,48000,https://ted.com/talks/sasha_sarago_the_de_colonizing_of_beauty
67f4fdfebda6e4a3b703e169,Why COP26 is our best chance for a greener future,Alok Sharma,July 2021,1600000,48000,https://ted.com/talks/alok_sharma_why_cop26_is_our_best_chance_for_a_greener_future
67f4fdfebda6e4a3b703e16a,3 myths about racism that keep the US from progress,Candis Watts Smith,February 2020,1800000,55000,https://ted.com/talks/candis_watts_smith_3_myths_about_racism_that_keep_the_us_from_progress
67f4fdfebda6e4a3b703e16b,How do governments create money out of thin air?,Jonathan Smith,July 2021,781000,23000,https://ted.com/talks/jonathan_smith_how_do_governments_create_money_out_of_thin_air
67f4fdfebda6e4a3b703e16c,The missing 96 percent of the universe,Claire Malone,February 2021,1800000,55000,https://ted.com/talks/claire_malone_the_missing_96_percent_of_the_universe
67f4fdfebda6e4a3b703e16d,The most notorious scientific feud in history,Lukas Rieppel,July 2021,1000000,30000,https://ted.com/talks/lukas_rieppel_the_most_notorious_scientific_feud_in_history
67f4fdfebda6e4a3b703e16e,The link between menopause and gender inequity at work,Andrea Berchowitz,July 2021,1600000,48000,https://ted.com/talks/andrea_berchowitz_the_link_between_menopause_and_gender_inequity_at_work
67f4fdfebda6e4a3b703e16f,Documentary films that explore trauma — and make space for healing,Almudena Toral,May 2021,1700000,52000,https://ted.com/talks/almudena_toral_documentary_films_that_explore_trauma_and_make_space_for_healing
67f4fdfebda6e4a3b703e170,History's deadliest king,Georges Nzongola-Ntalaja,July 2021,1100000,33000,https://ted.com/talks/georges_nzongola_ntalaja_history_s_deadliest_king
67f4fdfebda6e4a3b703e171,A cleanse won't detox your body — but here's what will,Jen Gunter,July 2021,2700000,82000,https://ted.com/talks/jen_gunter_a_cleanse_won_t_detox_your_body_but_here_s_what_will
67f4fdfebda6e4a3b703e172,What should humans take to space (and leave behind)?,Jorge Mañes Rubio,May 2021,1500000,47000,https://ted.com/talks/jorge_manes_rubio_what_should_humans_take_to_space_and_leave_behind
67f4fdfebda6e4a3b703e173,Could we build a wooden skyscraper?,Stefan Al,July 2021,1200000,38000,https://ted.com/talks/stefan_al_could_we_build_a_wooden_skyscraper
67f4fdfebda6e4a3b703e174,Why aren't there more Native American restaurants?,Sean Sherman,August 2020,1900000,58000,https://ted.com/talks/sean_sherman_why_aren_t_there_more_native_american_restaurants
67f4fdfebda6e4a3b703e175,How music streaming transformed songwriting,Björn Ulvaeus,April 2021,1700000,53000,https://ted.com/talks/bjorn_ulvaeus_how_music_streaming_transformed_songwriting
67f4fdfebda6e4a3b703e176,What's normal anxiety — and what's an anxiety disorder?,Jen Gunter,July 2021,1700000,52000,https://ted.com/talks/jen_gunter_what_s_normal_anxiety_and_what_s_an_anxiety_disorder
67f4fdfebda6e4a3b703e177,The dark history of the Chinese Exclusion Act,Robert Chang,July 2021,722000,21000,https://ted.com/talks/robert_chang_the_dark_history_of_the_chinese_exclusion_act
67f4fdfebda6e4a3b703e178,"What if we saw climate change as an amazing challenge, not a burden?",Laura Tenenbaum,May 2016,47000,1400,https://ted.com/talks/laura_tenenbaum_what_if_we_saw_climate_change_as_an_amazing_challenge_not_a_burden
67f4fdfebda6e4a3b703e179,The infinite alchemy of storytelling,Zahra Al-Mahdi,May 2021,1600000,49000,https://ted.com/talks/zahra_al_mahdi_the_infinite_alchemy_of_storytelling
67f4fdfebda6e4a3b703e17a,How to turn grit into a lifelong habit | Angela Duckworth,The TED Interview,July 2021,1500000,45000,https://ted.com/talks/the_ted_interview_how_to_turn_grit_into_a_lifelong_habit_angela_duckworth
67f4fdfebda6e4a3b703e17b,Why we're more honest with machines than people,Anne Scherer,November 2020,1800000,54000,https://ted.com/talks/anne_scherer_why_we_re_more_honest_with_machines_than_people
67f4fdfebda6e4a3b703e17c,"Real-life ""Alien"" jaws",Darien Satterfield,June 2021,289000,8600,https://ted.com/talks/darien_satterfield_real_life_alien_jaws
67f4fdfebda6e4a3b703e17d,"How one person saved over 2,000 children from the Nazis",Iseult Gillespie,June 2021,1200000,36000,https://ted.com/talks/iseult_gillespie_how_one_person_saved_over_2_000_children_from_the_nazis
67f4fdfebda6e4a3b703e17e,How to heat your home without hurting the planet,Kathy Hannun,May 2021,1500000,47000,https://ted.com/talks/kathy_hannun_how_to_heat_your_home_without_hurting_the_planet
67f4fdfebda6e4a3b703e17f,What to do when climate change feels unstoppable,Clover Hogan,February 2021,1800000,55000,https://ted.com/talks/clover_hogan_what_to_do_when_climate_change_feels_unstoppable
67f4fdfebda6e4a3b703e180,Can you cheat death by solving this riddle?,Shravan S K,June 2021,3300000,101000,https://ted.com/talks/shravan_s_k_can_you_cheat_death_by_solving_this_riddle
67f4fdfebda6e4a3b703e181,5 skin health myths to stop believing now,Jen Gunter,June 2021,1000000,30000,https://ted.com/talks/jen_gunter_5_skin_health_myths_to_stop_believing_now
67f4fdfebda6e4a3b703e182,The life-saving tech helping mothers make healthy decisions,Aparna Hegde,May 2021,1500000,45000,https://ted.com/talks/aparna_hegde_the_life_saving_tech_helping_mothers_make_healthy_decisions
67f4fdfebda6e4a3b703e183,These salamanders snack on each other (but don't die),Luis Zambrano,June 2021,3300000,100000,https://ted.com/talks/luis_zambrano_these_salamanders_snack_on_each_other_but_don_t_die
67f4fdfebda6e4a3b703e184,The search for microscopic aliens,Sarah Rugheimer,May 2021,1600000,48000,https://ted.com/talks/sarah_rugheimer_the_search_for_microscopic_aliens
67f4fdfebda6e4a3b703e185,Why was India split into two countries?,Haimanti Roy,June 2021,1700000,51000,https://ted.com/talks/haimanti_roy_why_was_india_split_into_two_countries
67f4fdfebda6e4a3b703e186,The emotions behind your money habits,Robert A. Belle,June 2021,1900000,59000,https://ted.com/talks/robert_a_belle_the_emotions_behind_your_money_habits
67f4fdfebda6e4a3b703e187,"How marijuana reform could repair, reclaim and restore communities",Khadijah Tribble,March 2019,1600000,48000,https://ted.com/talks/khadijah_tribble_how_marijuana_reform_could_repair_reclaim_and_restore_communities
67f4fdfebda6e4a3b703e188,"What few people know about the program that ""saved"" America",Meg Jacobs,June 2021,344000,10000,https://ted.com/talks/meg_jacobs_what_few_people_know_about_the_program_that_saved_america
67f4fdfebda6e4a3b703e189,Can you actually boost your immune system? Here's the truth,Jen Gunter,June 2021,711000,21000,https://ted.com/talks/jen_gunter_can_you_actually_boost_your_immune_system_here_s_the_truth
67f4fdfebda6e4a3b703e18a,A new approach to defending the human rights of migrants,Itamar Mann,May 2021,1500000,45000,https://ted.com/talks/itamar_mann_a_new_approach_to_defending_the_human_rights_of_migrants
67f4fdfebda6e4a3b703e18b,How to find meaning after loss,David Kessler,May 2021,1500000,47000,https://ted.com/talks/david_kessler_how_to_find_meaning_after_loss
67f4fdfebda6e4a3b703e18c,A brief history of toilets,Francis de los Reyes,June 2021,2800000,86000,https://ted.com/talks/francis_de_los_reyes_a_brief_history_of_toilets
67f4fdfebda6e4a3b703e18d,How to be a professional troublemaker,Luvvie Ajayi Jones,May 2021,1500000,46000,https://ted.com/talks/luvvie_ajayi_jones_how_to_be_a_professional_troublemaker
67f4fdfebda6e4a3b703e18e,An app that empowers people to solve their legal problems,Rohan Pavuluri,May 2021,1500000,46000,https://ted.com/talks/rohan_pavuluri_an_app_that_empowers_people_to_solve_their_legal_problems
67f4fdfebda6e4a3b703e18f,The sharks that hunt in forests,Luka Seamus Wright,June 2021,630000,18000,https://ted.com/talks/luka_seamus_wright_the_sharks_that_hunt_in_forests
67f4fdfebda6e4a3b703e190,A queer journey from shame to self-love,Crystal Rasmussen,February 2021,1600000,48000,https://ted.com/talks/crystal_rasmussen_a_queer_journey_from_shame_to_self_love
67f4fdfebda6e4a3b703e191,The real-life superheroes helping Syrian refugees,Feras Fayyad,May 2021,1400000,44000,https://ted.com/talks/feras_fayyad_the_real_life_superheroes_helping_syrian_refugees
67f4fdfebda6e4a3b703e192,How do you know what's true?,Sheila Marie Orfano,June 2021,1200000,36000,https://ted.com/talks/sheila_marie_orfano_how_do_you_know_what_s_true
67f4fdfebda6e4a3b703e193,Why healthy bones are about so much more than milk,Jen Gunter,June 2021,444000,13000,https://ted.com/talks/jen_gunter_why_healthy_bones_are_about_so_much_more_than_milk
67f4fdfebda6e4a3b703e194,How to reduce your diet's carbon footprint — without going vegan,Brian Kateman,November 2014,754000,22000,https://ted.com/talks/brian_kateman_how_to_reduce_your_diet_s_carbon_footprint_without_going_vegan
67f4fdfebda6e4a3b703e195,A feminist reimagining of Kenya's public transport,Naomi Mwaura,May 2021,1400000,43000,https://ted.com/talks/naomi_mwaura_a_feminist_reimagining_of_kenya_s_public_transport
67f4fdfebda6e4a3b703e196,Ugly History: The US syphilis experiment,Susan M. Reverby,June 2021,388000,11000,https://ted.com/talks/susan_m_reverby_ugly_history_the_us_syphilis_experiment
67f4fdfebda6e4a3b703e197,How to support yourself (and others) through grief,Nina Westbrook,May 2021,1400000,44000,https://ted.com/talks/nina_westbrook_how_to_support_yourself_and_others_through_grief
67f4fdfebda6e4a3b703e198,How your body could become its own diagnostic lab,Aaron Morris,May 2021,1400000,44000,https://ted.com/talks/aaron_morris_how_your_body_could_become_its_own_diagnostic_lab
67f4fdfebda6e4a3b703e199,A day in the life of the Oracle of Delphi,Mark Robinson,June 2021,742000,22000,https://ted.com/talks/mark_robinson_a_day_in_the_life_of_the_oracle_of_delphi
67f4fdfebda6e4a3b703e19a,The multibillion-dollar US prison industry — and how to dismantle it,Bianca Tylek,May 2021,1300000,40000,https://ted.com/talks/bianca_tylek_the_multibillion_dollar_us_prison_industry_and_how_to_dismantle_it
67f4fdfebda6e4a3b703e19b,The anxiety that comes from being treated like an outsider,Valerie Purdie-Greenaway,May 2021,1400000,43000,https://ted.com/talks/valerie_purdie_greenaway_the_anxiety_that_comes_from_being_treated_like_an_outsider
67f4fdfebda6e4a3b703e19c,Why do we have hair in such random places?,Nina G. Jablonski,June 2021,4600000,138000,https://ted.com/talks/nina_g_jablonski_why_do_we_have_hair_in_such_random_places
67f4fdfebda6e4a3b703e19d,What really happens to your body during menopause,Jen Gunter,June 2021,309000,9200,https://ted.com/talks/jen_gunter_what_really_happens_to_your_body_during_menopause
67f4fdfebda6e4a3b703e19e,Essential questions to ask your future self,Meg Jay,May 2021,1900000,58000,https://ted.com/talks/meg_jay_essential_questions_to_ask_your_future_self
67f4fdfebda6e4a3b703e19f,Who makes judges?,Jessica Kerr,December 2020,1200000,38000,https://ted.com/talks/jessica_kerr_who_makes_judges
67f4fdfebda6e4a3b703e1a0,"The epic of Gilgamesh, the king who tried to conquer death",Soraya Field Fiorio,June 2021,2600000,79000,https://ted.com/talks/soraya_field_fiorio_the_epic_of_gilgamesh_the_king_who_tried_to_conquer_death
67f4fdfebda6e4a3b703e1a1,"Playful, wondrous public spaces built for community and possibility",Matthew Mazzotta,May 2021,1200000,37000,https://ted.com/talks/matthew_mazzotta_playful_wondrous_public_spaces_built_for_community_and_possibility
67f4fdfebda6e4a3b703e1a2,The rigged test of leadership,Sophie Williams,February 2021,1400000,43000,https://ted.com/talks/sophie_williams_the_rigged_test_of_leadership
67f4fdfebda6e4a3b703e1a3,Tips for reclaiming your peace of mind online,Naomi Shimada,May 2021,237000,7100,https://ted.com/talks/naomi_shimada_tips_for_reclaiming_your_peace_of_mind_online
67f4fdfebda6e4a3b703e1a4,Can you solve the Trojan War riddle?,Dennis Shasha,May 2021,1500000,46000,https://ted.com/talks/dennis_shasha_can_you_solve_the_trojan_war_riddle
67f4fdfebda6e4a3b703e1a5,Why you shouldn't worry about pooping once a day,Jen Gunter,May 2021,1300000,41000,https://ted.com/talks/jen_gunter_why_you_shouldn_t_worry_about_pooping_once_a_day
67f4fdfebda6e4a3b703e1a6,How dirt bikes and STEM ignite ingenuity in Baltimore,Brittany Young,May 2021,1300000,40000,https://ted.com/talks/brittany_young_how_dirt_bikes_and_stem_ignite_ingenuity_in_baltimore
67f4fdfebda6e4a3b703e1a7,"What farmers need to be modern, climate-friendly and profitable",Beth Ford,April 2021,1300000,39000,https://ted.com/talks/beth_ford_what_farmers_need_to_be_modern_climate_friendly_and_profitable
67f4fdfebda6e4a3b703e1a8,Could you survive the real Twilight Zone?,Philip Renaud and Kenneth Kostel,May 2021,410000,12000,https://ted.com/talks/philip_renaud_and_kenneth_kostel_could_you_survive_the_real_twilight_zone
67f4fdfebda6e4a3b703e1a9,Electronic pills that could transform how we treat disease,Khalil Ramadi,May 2021,1200000,36000,https://ted.com/talks/khalil_ramadi_electronic_pills_that_could_transform_how_we_treat_disease
67f4fdfebda6e4a3b703e1aa,The woman who stared at the sun,Alex Gendler,May 2021,1900000,57000,https://ted.com/talks/alex_gendler_the_woman_who_stared_at_the_sun
67f4fdfebda6e4a3b703e1ab,The death of the universe — and what it means for life,Katie Mack,May 2021,1400000,44000,https://ted.com/talks/katie_mack_the_death_of_the_universe_and_what_it_means_for_life
67f4fdfebda6e4a3b703e1ac,The cure for burnout (hint: it isn't self-care),Emily Nagoski and Amelia Nagoski,April 2021,2200000,66000,https://ted.com/talks/emily_nagoski_and_amelia_nagoski_the_cure_for_burnout_hint_it_isn_t_self_care
67f4fdfebda6e4a3b703e1ad,"Run, sail or hide? How to survive the destruction of Pompeii",Gary Devore,May 2021,1300000,40000,https://ted.com/talks/gary_devore_run_sail_or_hide_how_to_survive_the_destruction_of_pompeii
67f4fdfebda6e4a3b703e1ae,Why you don't need 8 glasses of water a day,Jen Gunter,May 2021,1100000,34000,https://ted.com/talks/jen_gunter_why_you_don_t_need_8_glasses_of_water_a_day
67f4fdfebda6e4a3b703e1af,How NASA invented a ventilator for COVID-19 ... in 37 days,Dan Goods,December 2020,1200000,38000,https://ted.com/talks/dan_goods_how_nasa_invented_a_ventilator_for_covid_19_in_37_days
67f4fdfebda6e4a3b703e1b0,Can you be awake and asleep at the same time?,Masako Tamaki,May 2021,1200000,36000,https://ted.com/talks/masako_tamaki_can_you_be_awake_and_asleep_at_the_same_time
67f4fdfebda6e4a3b703e1b1,The best career path isn't always a straight line,Sarah Ellis and Helen Tupper,February 2021,1500000,47000,https://ted.com/talks/sarah_ellis_and_helen_tupper_the_best_career_path_isn_t_always_a_straight_line
67f4fdfebda6e4a3b703e1b2,What happens to your brain during a migraine?,Marianne Schwarz,May 2021,2800000,85000,https://ted.com/talks/marianne_schwarz_what_happens_to_your_brain_during_a_migraine
67f4fdfebda6e4a3b703e1b3,Better cybersecurity starts with honesty and accountability,Nadya Bartol,April 2021,1100000,35000,https://ted.com/talks/nadya_bartol_better_cybersecurity_starts_with_honesty_and_accountability
67f4fdfebda6e4a3b703e1b4,Introducing Body Stuff with Dr. Jen Gunter,TED Audio Collective,May 2021,1000000,30000,https://ted.com/talks/ted_audio_collective_introducing_body_stuff_with_dr_jen_gunter
67f4fdfebda6e4a3b703e1b5,The science behind how parents affect child development,Yuko Munakata,April 2019,2400000,72000,https://ted.com/talks/yuko_munakata_the_science_behind_how_parents_affect_child_development
67f4fdfebda6e4a3b703e1b6,"How to discover your ""why"" in difficult times",Simon Sinek,April 2021,1800000,56000,https://ted.com/talks/simon_sinek_how_to_discover_your_why_in_difficult_times
67f4fdfebda6e4a3b703e1b7,"The case for co-ops, the invisible giant of the economy",Anu Puusa,April 2021,1200000,36000,https://ted.com/talks/anu_puusa_the_case_for_co_ops_the_invisible_giant_of_the_economy
67f4fdfebda6e4a3b703e1b8,What really happened during the Attica Prison Rebellion,Orisanmi Burton,May 2021,208000,6200,https://ted.com/talks/orisanmi_burton_what_really_happened_during_the_attica_prison_rebellion
67f4fdfebda6e4a3b703e1b9,What's the difference between guilt and shame?,June Tangney,April 2021,169000,5000,https://ted.com/talks/june_tangney_what_s_the_difference_between_guilt_and_shame
67f4fdfebda6e4a3b703e1ba,What's in the air you breathe?,Amy Hrdina and Jesse Kroll,May 2021,290000,8700,https://ted.com/talks/amy_hrdina_and_jesse_kroll_what_s_in_the_air_you_breathe
67f4fdfebda6e4a3b703e1bb,How COVID-19 transformed the future of medicine,Daniel Kraft,September 2020,1300000,40000,https://ted.com/talks/daniel_kraft_how_covid_19_transformed_the_future_of_medicine
67f4fdfebda6e4a3b703e1bc,What's your happiness score?,Dominic Price,November 2020,1700000,52000,https://ted.com/talks/dominic_price_what_s_your_happiness_score
67f4fdfebda6e4a3b703e1bd,How one design flaw almost toppled a skyscraper,Alex Gendler,May 2021,712000,21000,https://ted.com/talks/alex_gendler_how_one_design_flaw_almost_toppled_a_skyscraper
67f4fdfebda6e4a3b703e1be,Why children of immigrants experience guilt — and strategies to cope,Sahaj Kaur Kohli,April 2021,1200000,37000,https://ted.com/talks/sahaj_kaur_kohli_why_children_of_immigrants_experience_guilt_and_strategies_to_cope
67f4fdfebda6e4a3b703e1bf,The future of flying is electrifying,Cory Combs,March 2021,1300000,40000,https://ted.com/talks/cory_combs_the_future_of_flying_is_electrifying
67f4fdfebda6e4a3b703e1c0,Who decides what's in the dictionary?,Ilan Stavans,May 2021,358000,10000,https://ted.com/talks/ilan_stavans_who_decides_what_s_in_the_dictionary
67f4fdfebda6e4a3b703e1c1,7 tools for building a business people trust,Marcos Aguiar,April 2021,1200000,38000,https://ted.com/talks/marcos_aguiar_7_tools_for_building_a_business_people_trust
67f4fdfebda6e4a3b703e1c2,"Meet the bluefin tuna, the toughest fish in the sea",Grantly Galland and Raiana McKinney,May 2021,1400000,42000,https://ted.com/talks/grantly_galland_and_raiana_mckinney_meet_the_bluefin_tuna_the_toughest_fish_in_the_sea
67f4fdfebda6e4a3b703e1c3,"Women and girls, you are part of the climate solution",Rumaitha Al Busaidi,May 2021,1300000,39000,https://ted.com/talks/rumaitha_al_busaidi_women_and_girls_you_are_part_of_the_climate_solution
67f4fdfebda6e4a3b703e1c4,How long should your naps be?,Sara C. Mednick,April 2021,3900000,118000,https://ted.com/talks/sara_c_mednick_how_long_should_your_naps_be
67f4fdfebda6e4a3b703e1c5,What frogs in hot water can teach us about thinking again,Adam Grant,April 2021,1600000,48000,https://ted.com/talks/adam_grant_what_frogs_in_hot_water_can_teach_us_about_thinking_again
67f4fdfebda6e4a3b703e1c6,Cities are driving climate change. Here's how they can fix it,Angel Hsu,October 2020,345000,10000,https://ted.com/talks/angel_hsu_cities_are_driving_climate_change_here_s_how_they_can_fix_it
67f4fdfebda6e4a3b703e1c7,"Demolition, disease, and death: Building the Panama Canal",Alex Gendler,April 2021,724000,21000,https://ted.com/talks/alex_gendler_demolition_disease_and_death_building_the_panama_canal
67f4fdfebda6e4a3b703e1c8,The intergenerational wisdom woven into Indigenous stories,Tai Simpson,April 2019,1100000,34000,https://ted.com/talks/tai_simpson_the_intergenerational_wisdom_woven_into_indigenous_stories
67f4fdfebda6e4a3b703e1c9,"To accomplish great things, you need to ""let the paint dry""",Daniel J. Watts,November 2020,385000,11000,https://ted.com/talks/daniel_j_watts_to_accomplish_great_things_you_need_to_let_the_paint_dry
67f4fdfebda6e4a3b703e1ca,Can you solve Dongle's Difficult Dilemma?,Dennis E. Shasha,April 2021,1200000,37000,https://ted.com/talks/dennis_e_shasha_can_you_solve_dongle_s_difficult_dilemma
67f4fdfebda6e4a3b703e1cb,The revolutionary power of Black joy,Miracle Jones,April 2021,2400,74,https://ted.com/talks/miracle_jones_the_revolutionary_power_of_black_joy
67f4fdfebda6e4a3b703e1cc,The race to build AI that benefits humanity with Sam Altman,The TED Interview,April 2021,1000000,30000,https://ted.com/talks/the_ted_interview_the_race_to_build_ai_that_benefits_humanity_with_sam_altman
67f4fdfebda6e4a3b703e1cd,How do wind turbines work?,Rebecca J. Barthelmie and Sara C. Pryor,April 2021,464000,13000,https://ted.com/talks/rebecca_j_barthelmie_and_sara_c_pryor_how_do_wind_turbines_work
67f4fdfebda6e4a3b703e1ce,3 strategies for effectively talking about climate change,John Marshall,March 2021,1200000,37000,https://ted.com/talks/john_marshall_3_strategies_for_effectively_talking_about_climate_change
67f4fdfebda6e4a3b703e1cf,How your memory works — and why forgetting is totally OK,Lisa Genova,March 2021,2100000,64000,https://ted.com/talks/lisa_genova_how_your_memory_works_and_why_forgetting_is_totally_ok
67f4fdfebda6e4a3b703e1d0,How the world's tallest skyscraper was built,Alex Gendler,April 2021,770000,23000,https://ted.com/talks/alex_gendler_how_the_world_s_tallest_skyscraper_was_built
67f4fdfebda6e4a3b703e1d1,The world's most painful insect sting,Justin Schmidt,April 2021,1200000,37000,https://ted.com/talks/justin_schmidt_the_world_s_most_painful_insect_sting
67f4fdfebda6e4a3b703e1d2,The global cooperation that accelerated the COVID-19 vaccines,Kiran Mazumdar-Shaw,March 2021,541000,16000,https://ted.com/talks/kiran_mazumdar_shaw_the_global_cooperation_that_accelerated_the_covid_19_vaccines
67f4fdfebda6e4a3b703e1d3,Earth's original inhabitants — and their role in combating climate change,Steven Allison,October 2020,1200000,38000,https://ted.com/talks/steven_allison_earth_s_original_inhabitants_and_their_role_in_combating_climate_change
67f4fdfebda6e4a3b703e1d4,Can we learn to talk to sperm whales?,David Gruber,June 2020,1100000,35000,https://ted.com/talks/david_gruber_can_we_learn_to_talk_to_sperm_whales
67f4fdfebda6e4a3b703e1d5,Why are airplanes slower than they used to be?,Alex Gendler,April 2021,2200000,66000,https://ted.com/talks/alex_gendler_why_are_airplanes_slower_than_they_used_to_be
67f4fdfebda6e4a3b703e1d6,I am not your Asian stereotype,Canwen Xu,April 2016,3500000,105000,https://ted.com/talks/canwen_xu_i_am_not_your_asian_stereotype
67f4fdfebda6e4a3b703e1d7,Why corporate diversity programs fail — and how small tweaks can have big impact,Joan C. Williams,December 2020,1200000,37000,https://ted.com/talks/joan_c_williams_why_corporate_diversity_programs_fail_and_how_small_tweaks_can_have_big_impact
67f4fdfebda6e4a3b703e1d8,"A NASA astronaut's lessons on fear, confidence and preparing for spaceflight",Megan McArthur,November 2020,1200000,38000,https://ted.com/talks/megan_mcarthur_a_nasa_astronaut_s_lessons_on_fear_confidence_and_preparing_for_spaceflight
67f4fdfebda6e4a3b703e1d9,Whatever happened to acid rain?,Joseph Goffman,April 2021,2100000,65000,https://ted.com/talks/joseph_goffman_whatever_happened_to_acid_rain
67f4fdfebda6e4a3b703e1da,4 myths and misunderstandings about doing business in Africa,Nomava Zanazo,April 2021,1100000,34000,https://ted.com/talks/nomava_zanazo_4_myths_and_misunderstandings_about_doing_business_in_africa
67f4fdfebda6e4a3b703e1db,This tool will help improve your critical thinking,Erick Wilberding,April 2021,3300000,99000,https://ted.com/talks/erick_wilberding_this_tool_will_help_improve_your_critical_thinking
67f4fdfebda6e4a3b703e1dc,The giant leaps in language technology — and who's left behind,Kalika Bali,February 2020,1300000,39000,https://ted.com/talks/kalika_bali_the_giant_leaps_in_language_technology_and_who_s_left_behind
67f4fdfebda6e4a3b703e1dd,Mantua Townshi‪p‬,Far Flung with Saleem Reshamwala,June 2020,943000,28000,https://ted.com/talks/far_flung_with_saleem_reshamwala_mantua_townshi_p_apr_2020
67f4fdfebda6e4a3b703e1de,The surprising secrets of hummingbird flight,Kristiina J. Hurme and Alejandro Rico-Guevara,April 2021,766000,22000,https://ted.com/talks/kristiina_j_hurme_and_alejandro_rico_guevara_the_surprising_secrets_of_hummingbird_flight
67f4fdfebda6e4a3b703e1df,How we can curb climate change by spending two percent more on everything,Jens Burchardt,April 2021,1300000,39000,https://ted.com/talks/jens_burchardt_how_we_can_curb_climate_change_by_spending_two_percent_more_on_everything
67f4fdfebda6e4a3b703e1e0,"The routines, rituals and boundaries we need in stressful times",Esther Perel,March 2021,1400000,44000,https://ted.com/talks/esther_perel_the_routines_rituals_and_boundaries_we_need_in_stressful_times
67f4fdfebda6e4a3b703e1e1,Why good ideas get trapped in the valley of death — and how to rescue them, TED-Ed,April 2021,1800000,55000,https://ted.com/talks/ted_ed_why_good_ideas_get_trapped_in_the_valley_of_death_and_how_to_rescue_them
67f4fdfebda6e4a3b703e1e2, US politics isn't broken. It's fixed,Katherine M. Gehl,December 2020,1200000,38000,https://ted.com/talks/katherine_m_gehl_us_politics_isn_t_broken_it_s_fixed
67f4fdfebda6e4a3b703e1e3,Can you outsmart the apples and oranges fallacy?,Elizabeth Cox,April 2021,807000,24000,https://ted.com/talks/elizabeth_cox_can_you_outsmart_the_apples_and_oranges_fallacy
67f4fdfebda6e4a3b703e1e4,The exploitation of US college athletes,Tim Nevius,November 2020,1300000,40000,https://ted.com/talks/tim_nevius_the_exploitation_of_us_college_athletes
67f4fdfebda6e4a3b703e1e5,Step 1: The Puls‪e‬,ZigZag,March 2021,1100000,34000,https://ted.com/talks/zigzag_step_1_the_puls_e
67f4fdfebda6e4a3b703e1e6,How does ultrasound work?,Jacques S. Abramowicz,April 2021,266000,8000,https://ted.com/talks/jacques_s_abramowicz_how_does_ultrasound_work
67f4fdfebda6e4a3b703e1e7,"An honest history of an ancient and ""nasty"" word",Kate Lister,March 2020,1300000,41000,https://ted.com/talks/kate_lister_an_honest_history_of_an_ancient_and_nasty_word
67f4fdfebda6e4a3b703e1e8,The electrical blueprints that orchestrate life,Michael Levin,May 2020,550000,16000,https://ted.com/talks/michael_levin_the_electrical_blueprints_that_orchestrate_life
67f4fdfebda6e4a3b703e1e9,Language around gender and identity evolves (and always has),Archie Crowley,October 2020,1300000,41000,https://ted.com/talks/archie_crowley_language_around_gender_and_identity_evolves_and_always_has
67f4fdfebda6e4a3b703e1ea,Why every world map is wrong,Kayla Wolf,March 2021,510000,15000,https://ted.com/talks/kayla_wolf_why_every_world_map_is_wrong
67f4fdfebda6e4a3b703e1eb,A brief history of the devil,Brian A. Pavlac,March 2021,1100000,35000,https://ted.com/talks/brian_a_pavlac_a_brief_history_of_the_devil
67f4fdfebda6e4a3b703e1ec,The seeds of change helping African farmers grow out of poverty,Andrew Youn,June 2020,183000,5500,https://ted.com/talks/andrew_youn_the_seeds_of_change_helping_african_farmers_grow_out_of_poverty
67f4fdfebda6e4a3b703e1ed,What science taught me about being a Muslim drag quee‪n‬,TEDx SHORTS,June 2020,1100000,33000,https://ted.com/talks/tedx_shorts_what_science_taught_me_about_being_a_muslim_drag_quee_n
67f4fdfebda6e4a3b703e1ee,Can you solve the fantasy election riddle?,Dennis E. Shasha,March 2021,949000,28000,https://ted.com/talks/dennis_e_shasha_can_you_solve_the_fantasy_election_riddle
67f4fdfebda6e4a3b703e1ef,An election system that puts voters (not politicians) first,Amber McReynolds,August 2020,1200000,38000,https://ted.com/talks/amber_mcreynolds_an_election_system_that_puts_voters_not_politicians_first
67f4fdfebda6e4a3b703e1f0,Why I photograph the quiet moments of grief and loss,Caroline Catlin,November 2020,1300000,39000,https://ted.com/talks/caroline_catlin_why_i_photograph_the_quiet_moments_of_grief_and_loss
67f4fdfebda6e4a3b703e1f1,Ugly History: The Spanish Inquisition,Kayla Wolf,March 2021,830000,24000,https://ted.com/talks/kayla_wolf_ugly_history_the_spanish_inquisition
67f4fdfebda6e4a3b703e1f2,"Possible futures from the intersection of nature, tech and society",Natsai Audrey Chieza,March 2021,1300000,40000,https://ted.com/talks/natsai_audrey_chieza_possible_futures_from_the_intersection_of_nature_tech_and_society
67f4fdfebda6e4a3b703e1f3,What's the best fuel for your car?, TED-Ed,March 2021,459000,13000,https://ted.com/talks/ted_ed_what_s_the_best_fuel_for_your_car
67f4fdfebda6e4a3b703e1f4,The innovations we need to avoid a climate disaster,Bill Gates,March 2021,1700000,53000,https://ted.com/talks/bill_gates_the_innovations_we_need_to_avoid_a_climate_disaster
67f4fdfebda6e4a3b703e1f5,The Power of Spaces,TED Radio Hour,July 2020,1200000,36000,https://ted.com/talks/ted_radio_hour_the_power_of_spaces
67f4fdfebda6e4a3b703e1f6,How do antidepressants work?,Neil R. Jeyasingam,March 2021,2600000,78000,https://ted.com/talks/neil_r_jeyasingam_how_do_antidepressants_work
67f4fdfebda6e4a3b703e1f7,Online learning could change academia — for good,Tyler Dewitt,May 2020,1600000,49000,https://ted.com/talks/tyler_dewitt_online_learning_could_change_academia_for_good
67f4fdfebda6e4a3b703e1f8,How to have constructive conversations,Julia Dhar,March 2021,2400000,72000,https://ted.com/talks/julia_dhar_how_to_have_constructive_conversations
67f4fdfebda6e4a3b703e1f9,How much land does it take to power the world?, TED-Ed,March 2021,372000,11000,https://ted.com/talks/ted_ed_how_much_land_does_it_take_to_power_the_world
67f4fdfebda6e4a3b703e1fa,"How synthetic biology can improve our health, food and materials",Emily Leproust,October 2020,1200000,38000,https://ted.com/talks/emily_leproust_how_synthetic_biology_can_improve_our_health_food_and_materials
67f4fdfebda6e4a3b703e1fb,"The incredible, bendable, twistable, expandable elephant trunk",Chase LaDue and Bruce A. Schulte,March 2021,249000,7400,https://ted.com/talks/chase_ladue_and_bruce_a_schulte_the_incredible_bendable_twistable_expandable_elephant_trunk
67f4fdfebda6e4a3b703e1fc,What if mental health workers responded to emergency calls?,Leslie Herod,December 2020,1300000,40000,https://ted.com/talks/leslie_herod_what_if_mental_health_workers_responded_to_emergency_calls
67f4fdfebda6e4a3b703e1fd,How to challenge conventional wisdom — and change any industry,How to Be a Better Human,January 2021,1200000,38000,https://ted.com/talks/how_to_be_a_better_human_how_to_challenge_conventional_wisdom_and_change_any_industry
67f4fdfebda6e4a3b703e1fe,"4 lessons the pandemic taught us about work, life and balance",Patty McCord,March 2021,1700000,52000,https://ted.com/talks/patty_mccord_4_lessons_the_pandemic_taught_us_about_work_life_and_balance
67f4fdfebda6e4a3b703e1ff,How does artificial intelligence learn?,Briana Brownell,March 2021,400000,12000,https://ted.com/talks/briana_brownell_how_does_artificial_intelligence_learn
67f4fdfebda6e4a3b703e200,What is deep tech? A look at how it could shape the future,Antoine Gourévitch,October 2020,1300000,41000,https://ted.com/talks/antoine_gourevitch_what_is_deep_tech_a_look_at_how_it_could_shape_the_future
67f4fdfebda6e4a3b703e201,"Love, sorrow and the emotions that power climate action",Knut Ivar Bjørlykhaug,November 2020,1300000,39000,https://ted.com/talks/knut_ivar_bjorlykhaug_love_sorrow_and_the_emotions_that_power_climate_action
67f4fdfebda6e4a3b703e202,How much electricity does it take to power the world?, TED-Ed,March 2021,376000,11000,https://ted.com/talks/ted_ed_how_much_electricity_does_it_take_to_power_the_world
67f4fdfebda6e4a3b703e203,"Who were Las Mariposas, and why were they murdered?",Lisa Krause,March 2021,1100000,34000,https://ted.com/talks/lisa_krause_who_were_las_mariposas_and_why_were_they_murdered
67f4fdfebda6e4a3b703e204,"The myth of bringing your full, authentic self to work",Jodi-Ann Burey,November 2020,1400000,43000,https://ted.com/talks/jodi_ann_burey_the_myth_of_bringing_your_full_authentic_self_to_work
67f4fdfebda6e4a3b703e205,Brené Brown on What Vulnerability Isn't,Taken for Granted,February 2021,24000,742,https://ted.com/talks/taken_for_granted_brene_brown_on_what_vulnerability_isn_t
67f4fdfebda6e4a3b703e206,Should we cry at work?,TED Business,February 2021,1200000,37000,https://ted.com/talks/ted_business_should_we_cry_at_work
67f4fdfebda6e4a3b703e207,"How would you finish the sentence, ""Imagine if...""?",Sir Ken Robinson,March 2021,254000,7600,https://ted.com/talks/sir_ken_robinson_how_would_you_finish_the_sentence_imagine_if
67f4fdfebda6e4a3b703e208,Climate change is our reality. Here's how we're taking action,"Al Gore, Gloria Kasang Bulus, Nana Firman, Ximena Loría and Tim Guinee",October 2020,1200000,37000,https://ted.com/talks/al_gore_gloria_kasang_bulus_nana_firman_ximena_loria_and_tim_guinee_climate_change_is_our_reality_here_s_how_we_re_taking_action
67f4fdfebda6e4a3b703e209,My mother's final wish — and the right to die with dignity,Elaine Fong,October 2017,1400000,42000,https://ted.com/talks/elaine_fong_my_mother_s_final_wish_and_the_right_to_die_with_dignity
67f4fdfebda6e4a3b703e20a,10 steps to boost your financial health — that you can do in a day,Wendy De La Rosa,March 2021,502000,15000,https://ted.com/talks/wendy_de_la_rosa_10_steps_to_boost_your_financial_health_that_you_can_do_in_a_day
67f4fdfebda6e4a3b703e20b,Can loud music damage your hearing?,Heather Malyuk,March 2021,624000,18000,https://ted.com/talks/heather_malyuk_can_loud_music_damage_your_hearing
67f4fdfebda6e4a3b703e20c,How compassion could save your strained relationships,Betty Hart,November 2020,1500000,46000,https://ted.com/talks/betty_hart_how_compassion_could_save_your_strained_relationships
67f4fdfebda6e4a3b703e20d,The material that could change the world ... for a third time, TED-Ed,March 2021,2000000,61000,https://ted.com/talks/ted_ed_the_material_that_could_change_the_world_for_a_third_time
67f4fdfebda6e4a3b703e20e,How video game skills can get you ahead in life,William Collis,October 2020,1400000,43000,https://ted.com/talks/william_collis_how_video_game_skills_can_get_you_ahead_in_life
67f4fdfebda6e4a3b703e20f,Cheryl Strayed,Design Matters with Debbie Millman,June 2020,1200000,36000,https://ted.com/talks/design_matters_with_debbie_millman_cheryl_strayed
67f4fdfebda6e4a3b703e210,Debunking the myth of the Lost Cause: A lie embedded in American history,Karen L. Cox,February 2021,1200000,38000,https://ted.com/talks/karen_l_cox_debunking_the_myth_of_the_lost_cause_a_lie_embedded_in_american_history
67f4fdfebda6e4a3b703e211,The value of your humanity in an automated future,Kevin Roose,October 2020,1300000,40000,https://ted.com/talks/kevin_roose_the_value_of_your_humanity_in_an_automated_future
67f4fdfebda6e4a3b703e212,The people who caused the climate crisis aren't the ones who will fix it,Angela Mahecha Adrar,December 2020,1200000,37000,https://ted.com/talks/angela_mahecha_adrar_the_people_who_caused_the_climate_crisis_aren_t_the_ones_who_will_fix_it
67f4fdfebda6e4a3b703e213,Why talking to your friends can help you save money,Wendy De La Rosa,February 2021,252000,7500,https://ted.com/talks/wendy_de_la_rosa_why_talking_to_your_friends_can_help_you_save_money
67f4fdfebda6e4a3b703e214,Can you solve the logician's rave riddle?,Edwin Meyer,February 2021,1100000,33000,https://ted.com/talks/edwin_meyer_can_you_solve_the_logician_s_rave_riddle
67f4fdfebda6e4a3b703e215,Why there's no such thing as objective reality,Greg Anderson,February 2020,1500000,45000,https://ted.com/talks/greg_anderson_why_there_s_no_such_thing_as_objective_reality
67f4fdfebda6e4a3b703e216,The world's biggest battery looks nothing like a battery, TED-Ed,February 2021,658000,19000,https://ted.com/talks/ted_ed_the_world_s_biggest_battery_looks_nothing_like_a_battery
67f4fdfebda6e4a3b703e217,"""Aliens built the pyramids"" and other absurdities of pseudo-archaeology",Sarah Kurnick,August 2020,1600000,50000,https://ted.com/talks/sarah_kurnick_aliens_built_the_pyramids_and_other_absurdities_of_pseudo_archaeology
67f4fdfebda6e4a3b703e218,Brené Brown,Design Matters,July 2017,24000,731,https://ted.com/talks/design_matters_brene_brown
67f4fdfebda6e4a3b703e219,The Trans Ban,Conversations with People Who Hate Me,April 2018,11000,349,https://ted.com/talks/conversations_with_people_who_hate_me_the_trans_ban
67f4fdfebda6e4a3b703e21a,The US is back in the Paris Agreement. What's next?,John Kerry and Al Gore,February 2021,1500000,47000,https://ted.com/talks/john_kerry_and_al_gore_the_us_is_back_in_the_paris_agreement_what_s_next
67f4fdfebda6e4a3b703e21b,"Why do we, like, hesitate when we, um, speak?",Lorenzo García-Amaya,February 2021,1900000,59000,https://ted.com/talks/lorenzo_garcia_amaya_why_do_we_like_hesitate_when_we_um_speak
67f4fdfebda6e4a3b703e21c,Meditations on the intersection of humanity and technology,Olivia Arthur,October 2020,304000,9100,https://ted.com/talks/olivia_arthur_meditations_on_the_intersection_of_humanity_and_technology
67f4fdfebda6e4a3b703e21d,"How theater weathers wars, outlasts empires and survives pandemics",Cara Greene Epstein,June 2020,1200000,37000,https://ted.com/talks/cara_greene_epstein_how_theater_weathers_wars_outlasts_empires_and_survives_pandemics
67f4fdfebda6e4a3b703e21e,3 sneaky tactics that websites use to make you spend,Wendy De La Rosa,February 2021,298000,8900,https://ted.com/talks/wendy_de_la_rosa_3_sneaky_tactics_that_websites_use_to_make_you_spend
67f4fdfebda6e4a3b703e21f,"The ""myth"" of the boiling frog", TED-Ed,February 2021,1400000,42000,https://ted.com/talks/ted_ed_the_myth_of_the_boiling_frog
67f4fdfebda6e4a3b703e220,I let algorithms randomize my life for two years,Max Hawkins,October 2017,1600000,50000,https://ted.com/talks/max_hawkins_i_let_algorithms_randomize_my_life_for_two_years
67f4fdfebda6e4a3b703e221,The unexpected math of origami,Evan Zodl,February 2021,375000,11000,https://ted.com/talks/evan_zodl_the_unexpected_math_of_origami
67f4fdfebda6e4a3b703e222,The hidden history found in your teeth,Carolyn Freiwald,February 2020,1600000,48000,https://ted.com/talks/carolyn_freiwald_the_hidden_history_found_in_your_teeth
67f4fdfebda6e4a3b703e223,5 steps to designing the life you want ,Bill Burnett,April 2017,3200000,98000,https://ted.com/talks/bill_burnett_5_steps_to_designing_the_life_you_want
67f4fdfebda6e4a3b703e224,"We're experiencing an empathy shortage, but we can fix it together",Jamil Zaki,September 2017,219000,6500,https://ted.com/talks/jamil_zaki_we_re_experiencing_an_empathy_shortage_but_we_can_fix_it_together
67f4fdfebda6e4a3b703e225,Technology can't fix inequality — but training and opportunities could,'Gbenga Sesan,December 2020,1400000,42000,https://ted.com/talks/gbenga_sesan_technology_can_t_fix_inequality_but_training_and_opportunities_could
67f4fdfebda6e4a3b703e226,Community-powered solutions to the climate crisis,Rahwa Ghirmatzion and Zelalem Adefris,October 2020,1300000,39000,https://ted.com/talks/rahwa_ghirmatzion_and_zelalem_adefris_community_powered_solutions_to_the_climate_crisis
67f4fdfebda6e4a3b703e227,A simple 2-step plan for saving more money,Wendy De La Rosa,February 2021,380000,11000,https://ted.com/talks/wendy_de_la_rosa_a_simple_2_step_plan_for_saving_more_money
67f4fdfebda6e4a3b703e228,The promise of quantum computers,Matt Langione,October 2020,1500000,46000,https://ted.com/talks/matt_langione_the_promise_of_quantum_computers
67f4fdfebda6e4a3b703e229,"What causes dandruff, and how do you get rid of it?",Thomas L. Dawson,February 2021,10000000,315000,https://ted.com/talks/thomas_l_dawson_what_causes_dandruff_and_how_do_you_get_rid_of_it
67f4fdfebda6e4a3b703e22a,The artist who won a Nobel Prize... in medicine,Melanie E. Peffer,February 2021,484000,14000,https://ted.com/talks/melanie_e_peffer_the_artist_who_won_a_nobel_prize_in_medicine
67f4fdfebda6e4a3b703e22b,A concrete idea to reduce carbon emissions,Karen Scrivener,October 2020,1500000,45000,https://ted.com/talks/karen_scrivener_a_concrete_idea_to_reduce_carbon_emissions
67f4fdfebda6e4a3b703e22c,How to get everyone to care about a green economy,Angela Francis,December 2019,1600000,50000,https://ted.com/talks/angela_francis_how_to_get_everyone_to_care_about_a_green_economy
67f4fdfebda6e4a3b703e22d,"Why didn't this 2,000 year old body decompose?",Carolyn Marshall,February 2021,1600000,50000,https://ted.com/talks/carolyn_marshall_why_didn_t_this_2_000_year_old_body_decompose
67f4fdfebda6e4a3b703e22e,How technology changes our sense of right and wrong,Juan Enriquez,November 2020,1600000,48000,https://ted.com/talks/juan_enriquez_how_technology_changes_our_sense_of_right_and_wrong
67f4fdfebda6e4a3b703e22f,"TikTok, Instagram, Snapchat — and the rise of bite-sized content",Qiuqing Tai,October 2020,314000,9400,https://ted.com/talks/qiuqing_tai_tiktok_instagram_snapchat_and_the_rise_of_bite_sized_content
67f4fdfebda6e4a3b703e230,Pay off your credit cards faster with these 4 easy changes,Wendy De La Rosa,February 2021,233000,7000,https://ted.com/talks/wendy_de_la_rosa_pay_off_your_credit_cards_faster_with_these_4_easy_changes
67f4fdfebda6e4a3b703e231,What if every satellite suddenly disappeared?,Moriba Jah,February 2021,330000,9900,https://ted.com/talks/moriba_jah_what_if_every_satellite_suddenly_disappeared
67f4fdfebda6e4a3b703e232,How a geospatial nervous system could help us design a better future,Jack Dangermond,November 2020,1300000,39000,https://ted.com/talks/jack_dangermond_how_a_geospatial_nervous_system_could_help_us_design_a_better_future
67f4fdfebda6e4a3b703e233,The world's most dangerous fart,Nick Caruso and Dani Rabaiotti,February 2021,1600000,49000,https://ted.com/talks/nick_caruso_and_dani_rabaiotti_the_world_s_most_dangerous_fart
67f4fdfebda6e4a3b703e234,"When the world is burning, is art a waste of time?",R. Alan Brooks,August 2020,1400000,43000,https://ted.com/talks/r_alan_brooks_when_the_world_is_burning_is_art_a_waste_of_time_oct_2021
67f4fdfebda6e4a3b703e235,How to avoid catching prickly emotions from other people ,Jessica Garza,September 2020,1700000,53000,https://ted.com/talks/jessica_garza_how_to_avoid_catching_prickly_emotions_from_other_people
67f4fdfebda6e4a3b703e236,"""Fearless""",Apiorkor Seyiram Ashong-Abbey,November 2020,5900,178,https://ted.com/talks/apiorkor_seyiram_ashong_abbey_fearless
67f4fdfebda6e4a3b703e237,Why bats don't get sick,Arinjay Banerjee,January 2021,1100000,33000,https://ted.com/talks/arinjay_banerjee_why_bats_don_t_get_sick
67f4fdfebda6e4a3b703e238,A brief history of divorce,Rod Phillips,January 2021,546000,16000,https://ted.com/talks/rod_phillips_a_brief_history_of_divorce
67f4fdfebda6e4a3b703e239,A stealthy reimagining of urban public space,Elizabeth Diller,November 2020,240000,7200,https://ted.com/talks/elizabeth_diller_a_stealthy_reimagining_of_urban_public_space
67f4fdfebda6e4a3b703e23a,What COVID-19 revealed about US schools — and 4 ways to rethink education,Nora Flanagan,June 2020,1600000,48000,https://ted.com/talks/nora_flanagan_what_covid_19_revealed_about_us_schools_and_4_ways_to_rethink_education
67f4fdfebda6e4a3b703e23b,Can't stick to a budget? Try these tweaks instead,Wendy De La Rosa,January 2021,301000,9000,https://ted.com/talks/wendy_de_la_rosa_can_t_stick_to_a_budget_try_these_tweaks_instead
67f4fdfebda6e4a3b703e23c,The joy of shopping — and how to recapture it online,Nimisha Jain,October 2020,1300000,40000,https://ted.com/talks/nimisha_jain_the_joy_of_shopping_and_how_to_recapture_it_online
67f4fdfebda6e4a3b703e23d,The Japanese myth of the trickster raccoon,Iseult Gillespie,January 2021,739000,22000,https://ted.com/talks/iseult_gillespie_the_japanese_myth_of_the_trickster_raccoon
67f4fdfebda6e4a3b703e23e,The 15-minute city,Carlos Moreno,October 2020,1400000,42000,https://ted.com/talks/carlos_moreno_the_15_minute_city
67f4fdfebda6e4a3b703e23f,The case for public media,Qi Wu 吴琪,November 2020,1500,47,https://ted.com/talks/qi_wu_the_case_for_public_media
67f4fdfebda6e4a3b703e240,My journey mapping the uncharted world,Tawanda Kanhema,November 2020,1300000,40000,https://ted.com/talks/tawanda_kanhema_my_journey_mapping_the_uncharted_world
67f4fdfebda6e4a3b703e241,The rise of the Ottoman Empire,Mostafa Minawi,January 2021,801000,24000,https://ted.com/talks/mostafa_minawi_the_rise_of_the_ottoman_empire
67f4fdfebda6e4a3b703e242,How vulnerability makes you a better leader,Tracy Young,November 2020,1600000,48000,https://ted.com/talks/tracy_young_how_vulnerability_makes_you_a_better_leader
67f4fdfebda6e4a3b703e243,Who decides how long a second is?,John Kitching,January 2021,1600000,48000,https://ted.com/talks/john_kitching_who_decides_how_long_a_second_is
67f4fdfebda6e4a3b703e244,"""The Hill We Climb""",Amanda Gorman,January 2021,146000,4300,https://ted.com/talks/amanda_gorman_the_hill_we_climb
67f4fdfebda6e4a3b703e245,3 ways to upgrade democracy for the 21st century,Max Rashbrooke,November 2019,1400000,43000,https://ted.com/talks/max_rashbrooke_3_ways_to_upgrade_democracy_for_the_21st_century
67f4fdfebda6e4a3b703e246,The money talk that every couple needs to have,Wendy De La Rosa,January 2021,538000,16000,https://ted.com/talks/wendy_de_la_rosa_the_money_talk_that_every_couple_needs_to_have
67f4fdfebda6e4a3b703e247,How a strong creative industry helps economies thrive,Mehret Mandefro,October 2020,1300000,40000,https://ted.com/talks/mehret_mandefro_how_a_strong_creative_industry_helps_economies_thrive
67f4fdfebda6e4a3b703e248,Our moral imperative to act on climate change — and 3 steps we can take (English voiceover),His Holiness Pope Francis,October 2020,99000,2900,https://ted.com/talks/his_holiness_pope_francis_our_moral_imperative_to_act_on_climate_change_and_3_steps_we_can_take_english_voiceover
67f4fdfebda6e4a3b703e249,Nuestro imperativo moral para actuar sobre el cambio climático — y 3 pasos que podemos dar,Su Santidad el Papa Francisco,October 2020,2900,89,https://ted.com/talks/su_santidad_el_papa_francisco_nuestro_imperativo_moral_para_actuar_sobre_el_cambio_climatico_y_3_pasos_que_podemos_dar
67f4fdfebda6e4a3b703e24a,How bad data keeps us from good AI,Mainak Mazumdar,October 2020,1400000,42000,https://ted.com/talks/mainak_mazumdar_how_bad_data_keeps_us_from_good_ai
67f4fdfebda6e4a3b703e24b,How your brain responds to stories — and why they're crucial for leaders,Karen Eber,February 2020,1800000,54000,https://ted.com/talks/karen_eber_how_your_brain_responds_to_stories_and_why_they_re_crucial_for_leaders
67f4fdfebda6e4a3b703e24c,Savitri and Satyavan: The legend of the princess who outwitted Death,Iseult Gillespie,January 2021,3900000,117000,https://ted.com/talks/iseult_gillespie_savitri_and_satyavan_the_legend_of_the_princess_who_outwitted_death
67f4fdfebda6e4a3b703e24d,4 tips to kickstart honest conversations at work,Betsy Kauffman,September 2020,1500000,45000,https://ted.com/talks/betsy_kauffman_4_tips_to_kickstart_honest_conversations_at_work
67f4fdfebda6e4a3b703e24e,Why we make bad financial choices — even when we know better,Wendy De La Rosa,January 2021,462000,13000,https://ted.com/talks/wendy_de_la_rosa_why_we_make_bad_financial_choices_even_when_we_know_better
67f4fdfebda6e4a3b703e24f,Humanity's planet-shaping powers — and what they mean for the future,Achim Steiner,December 2020,1300000,39000,https://ted.com/talks/achim_steiner_humanity_s_planet_shaping_powers_and_what_they_mean_for_the_future
67f4fdfebda6e4a3b703e250,How carbon capture networks could help curb climate change,Bas Sudmeijer,October 2020,1300000,39000,https://ted.com/talks/bas_sudmeijer_how_carbon_capture_networks_could_help_curb_climate_change
67f4fdfebda6e4a3b703e251,"These squids can fly... no, really",Robert Siddall,January 2021,1600000,48000,https://ted.com/talks/robert_siddall_these_squids_can_fly_no_really
67f4fdfebda6e4a3b703e252,6 essential lessons for women leaders ,Julia Gillard and Ngozi Okonjo-Iweala,November 2020,1400000,43000,https://ted.com/talks/julia_gillard_and_ngozi_okonjo_iweala_6_essential_lessons_for_women_leaders
67f4fdfebda6e4a3b703e253,How AI can help shatter barriers to equality,Jamila Gordon,November 2020,1400000,44000,https://ted.com/talks/jamila_gordon_how_ai_can_help_shatter_barriers_to_equality
67f4fdfebda6e4a3b703e254,"""TRY""",Madison McFerrin,November 2020,101000,3000,https://ted.com/talks/madison_mcferrin_try
6629f11f09d7ff087c7a55f3,珠峰科考,,,1120093,32029,http://localhost/video/6365b4e38cec89cc99901fb70d7ebd3a.m3u8
6629f1a509d7ff087c7a55f4,草原生态,,,1078917,39801,http://localhost/video/2e529e1837b102358e523b1eb6d3b545.m3u8
6629f30609d7ff087c7a55f5,蝴蝶破茧,,,1016490,36851,http://localhost/video/d99d3cf7a420767c228f803096214f26.m3u8
6629f35c09d7ff087c7a55f6,野生眼镜蛇的生活习性,,,1158732,35052,http://localhost/video/607667781681a58c6dbf42bfc2ca7708.m3u8
6629f44809d7ff087c7a55f7,农作物培育指南,,,949173,29081,http://localhost/video/d6d3ac7e67297bc5f48f3b97a478140d.m3u8
6629f4c609d7ff087c7a55f8,海洋世界，海底精灵,,,1016896,29081,http://localhost/video/75e0ebd0cbb4cd60cc10e7b139088abe.m3u8
6629f54109d7ff087c7a55f9,智能城市，全球互联,,,1049822,27760,http://localhost/video/4c990298b9171f7433c1f395becda758.m3u8
6629f64209d7ff087c7a55fa,毛毛虫野外活动,,,1089620,38661,http://localhost/video/812315da846069f4d98b54ebb084e8b7.m3u8
6629f72809d7ff087c7a55fb,温室效应,,,1235626,35085,http://localhost/video/c295c613d23bb1f54f54598c5801da02.m3u8
6629f7a009d7ff087c7a55fc,手机中的化学元素,,,975872,36528,http://localhost/video/26924bfef47751e4c6136a9bb692961d.m3u8
6629f80409d7ff087c7a55fd,新冠病毒如何防治,,,1115425,27255,http://localhost/video/44f61b5f2bd03b820c75623ad8e85d25.m3u8
6629f86209d7ff087c7a55fe,探测器眼中的月球,,,1150109,40060,http://localhost/video/88be2ebab9feeba5ab410a2b3e4a3585.m3u8
6629f8f009d7ff087c7a55ff,垃圾应如何分类,,,907895,38205,http://localhost/video/9e63845a2b730d7a6b29428e94f97654.m3u8
6629f9f909d7ff087c7a5600,志愿者心理辅导,,,1156821,29841,http://localhost/video/a6128086cca535cdf183e068def01601.m3u8
6629fab409d7ff087c7a5601,医疗急救指南,,,962940,29430,http://localhost/video/4f74821917a94df32dd07966450ff848.m3u8
6629fb5f09d7ff087c7a5602,高科技芯片制造,,,916147,29451,http://localhost/video/13bc7802f974848bef4e3850eb4e91f4.m3u8
6629fcad09d7ff087c7a5603,数字虚拟化的世界,,,1308255,31081,http://localhost/video/6d5263f71b13f0ccf4ad3c514b43194a.m3u8
